"Simulation 1 x [R = 100, d = 45, Regolith = 2]","Simulation 1 gcorr [R = 100, d = 45, Regolith = 2]","Simulation 1 noise [R = 100, d = 45, Regolith = 2]","Simulation 2 x [R = 200, d = 45, Regolith = 2]","Simulation 2 gcorr [R = 200, d = 45, Regolith = 2]","Simulation 2 noise [R = 200, d = 45, Regolith = 2]","Simulation 3 x [R = 300, d = 45, Regolith = 2]","Simulation 3 gcorr [R = 300, d = 45, Regolith = 2]","Simulation 3 noise [R = 300, d = 45, Regolith = 2]"
-1343.75,31.82292558832193,-0.03336271301301203,-1343.75,31.745604886684525,0.04175260072156564,-1343.75,31.667147796406894,0.08383431805159743
-1338.75,31.86045560632794,-0.02854839324090479,-1338.75,31.783214367334057,-0.03730653781625971,-1338.75,31.704829806246803,-0.0683549106160666
-1333.75,31.894814344435186,-0.022437646963758696,-1333.75,31.81764934249155,-0.04064663429126229,-1333.75,31.739333941164436,0.019142731738869274
-1328.75,31.92615070576423,-0.03132220516801049,-1328.75,31.849058915352778,0.01413123204260759,-1328.75,31.77080950545949,0.0196278912638977
-1323.75,31.954606997334214,-0.08720470067742783,-1323.75,31.877585575866657,0.018358118587305686,-1323.75,31.799399172713542,0.017763458347919803
-1318.75,31.98031927069121,-0.01806212653159292,-1318.75,31.903365542872006,0.08881296728885611,-1318.75,31.825239329458064,0.1593698263356924
-1313.75,32.00341763191276,0.022802764738982365,-1313.75,31.926529075460067,-0.06687184925179339,-1313.75,31.848460387915264,-0.005901002403641182
-1308.75,32.024026525717375,-0.033370538361833964,-1308.75,31.947200758309833,0.019827082257458845,-1308.75,31.869187072577088,-0.0016749082822952216
-1303.75,32.042264997552635,0.024198496478759327,-1303.75,31.96549976488486,0.06951768062690798,-1303.75,31.887538684526874,-0.010921234693968454
-1298.75,32.058246936838756,0.0859344623503144,-1298.75,31.98154010168167,-0.03983158539732554,-1298.75,31.903629346707167,-0.01587732129590913
-1293.75,32.07208130397949,-0.05367952782905627,-1293.75,31.99543083615319,-0.09614048653964397,-1293.75,31.917568232768335,-0.04161333735843245
-1288.75,32.08387234328774,0.014146502614501583,-1288.75,32.00727631046437,0.011230178426310517,-1288.75,31.9294597816655,-0.0015422337182929256
-1283.75,32.093719783594906,-0.004239912530172595,-1283.75,32.017176342857255,0.040599987020600296,-1283.75,31.939403899789596,-0.07173406271017539
-1278.75,32.10171902800293,0.004799161687510988,-1278.75,32.02522641809206,0.07504094978423037,-1278.75,31.947496152106453,-0.062048879447313715
-1273.75,32.10796133398203,-0.024495138744882666,-1273.75,32.03151786817402,-0.06128624988408976,-1273.75,31.953827943520754,0.04279074294778641
-1268.75,32.11253398481049,-0.02786506476615044,-1268.75,32.03613804436787,0.007431966590983533,-1268.75,31.95848669147212,0.006461466292658618
-1263.75,32.11552045317978,0.07087964403175348,-1263.75,32.03917048132823,0.06025795022841471,-1263.75,31.961555990597134,-0.05144867106793719
-1258.75,32.11700055764986,-0.06176256461249694,-1258.75,32.04069505403582,0.026779424488441103,-1258.75,31.963115770151735,0.019524908222798506
-1253.75,32.11705061252382,-0.02200714149801268,-1253.75,32.04078812811209,0.000590437466804251,-1253.75,31.96324244477044,-0.011996831427273988
-1248.75,32.115743571618616,0.07461127815772442,-1248.75,32.039522703993136,-0.029364888744419327,-1248.75,31.962009059047453,-0.000483897401889888
-1243.75,32.113149166332114,0.10324851518071854,-1243.75,32.03696855536581,0.030692330007246745,-1243.75,31.959485426345314,-0.08259460660337796
-1238.75,32.10933403834407,-0.0661091704792393,-1238.75,32.033192362207394,-0.08236306441982562,-1238.75,31.955738262175718,0.027585013715771108
-1233.75,32.1043618672406,0.09391616872188244,-1233.75,32.0282578387202,-0.006065531091761515,-1233.75,31.950831312446798,0.06538171201953034
-1228.75,32.09829349330948,-0.14890760466507172,-1228.75,32.0222258564112,0.02304782154882576,-1228.75,31.944825476828623,0.012385677606891082
-1223.75,32.09118703572177,-0.06332764723400244,-1223.75,32.01515456253464,0.013190974758763921,-1223.75,31.93777892745799,0.0021420656506287122
-1218.75,32.08309800629061,-0.04637759182125139,-1218.75,32.00709949408975,-0.09451283961848125,-1218.75,31.929747223175944,-0.005310276882314311
-1213.75,32.07407941897437,0.04170060996250105,-1213.75,31.998113687543217,0.03948964576505424,-1213.75,31.92078341946972,-2.7370657826371203e-05
-1208.75,32.06418189527877,-0.05402535853699902,-1208.75,31.98824778443225,0.03584400799861432,-1208.75,31.910938174276755,0.05618071604055657
-1203.75,32.05345376569616,0.014977511792650822,-1203.75,31.97755013298794,0.019020007399034016,-1203.75,31.900259849791706,0.020773142848166892
-1198.75,32.04194116731226,0.06844768024122976,-1198.75,31.966066885910834,-0.08518727803122872,-1198.75,31.888794610409885,-0.0225781557130919
-1193.75,32.02968813770149,-0.1031216609559343,-1193.75,31.953842094420878,0.06374717014235957,-1193.75,31.876586516930605,-0.008841338425573218
-1188.75,32.016736705226116,0.03769258600443203,-1188.75,31.940917798697992,-0.03222447704828742,-1188.75,31.863677617137665,0.0457385477461981
-1183.75,32.003126975850506,0.030124298026053903,-1183.75,31.927334114825968,0.02157295310541464,-1183.75,31.850108032870832,0.08831637686691389
-1178.75,31.988897216574664,-0.07578099422983932,-1178.75,31.913129318344478,-0.08525400477761062,-1178.75,31.83591604369416,0.07450423591923286
-1173.75,31.97408393559333,0.012084223635401806,-1173.75,31.89833992451642,0.03707221265249764,-1173.75,31.821138167268906,-0.06412907408443971
-1168.75,31.958721959279263,-0.08629204130391106,-1168.75,31.88300076541021,0.06317760258076335,-1168.75,31.805809236532035,0.056349887959679074
-1163.75,31.942844506090307,0.07171462183722183,-1163.75,31.867145063897187,0.008878346781628394,-1163.75,31.789962473780488,0.00827524744368367
-1158.75,31.926483257497743,0.008688036339216568,-1158.75,31.85080450466217,0.0004130888114021193,-1158.75,31.773629561760522,0.03039458147914291
-1153.75,31.909668426030212,0.08476840813296223,-1153.75,31.834009302322563,0.066542523967116,-1153.75,31.75684071185798,0.022497299447060384
-1148.75,31.89242882052833,-0.07383818999726897,-1148.75,31.8167882667509,0.027723028256407534,-1148.75,31.739624729484863,0.020334677792864218
-1143.75,31.87479190870156,0.07756172331506453,-1143.75,31.79916886569395,-0.11467822068592047,-1143.75,31.722009076755782,-0.005146775181133939
-1138.75,31.85678387707872,-0.02471901019057271,-1138.75,31.781177284779265,0.056756391538149015,-1138.75,31.70401993254567,0.06610853177688202
-1133.75,31.83842968844194,-0.029445904781932493,-1133.75,31.76283848499989,-0.07278060453315831,-1133.75,31.68568225002048,-0.05091356220532305
-1128.75,31.819753136831938,0.042913749752243935,-1128.75,31.74417625776564,-0.05380716410418717,-1128.75,31.66701981172852,0.09840351655844227
-1123.75,31.80077690021123,-0.10869189302384091,-1123.75,31.725213277607526,0.10990869932829819,-1123.75,31.64805528234035,-0.02035331161973984
-1118.75,31.781522590869763,-0.054763526496878545,-1118.75,31.705971152620556,-0.01216105515863154,-1118.75,31.628810259122723,-0.04121608776548674
-1113.75,31.762010803657407,-0.0033422542562680556,-1113.75,31.686470472729297,0.05115844473561623,-1113.75,31.609305320230426,0.013659421077007017
-1108.75,31.742261162122844,-0.004196769936469505,-1108.75,31.66673085585638,-0.04206817323530973,-1108.75,31.58956007089747,0.07412232223361798
-1103.75,31.722292362640406,-0.00843738656859183,-1103.75,31.646770992075346,-0.05986076716159834,-1103.75,31.56959318760888,-0.10650002990436075
-1098.75,31.702122216601204,0.00911791775450819,-1098.75,31.62660868582487,0.04564485229612767,-1098.75,31.549422460330206,0.022189548900501954
-1093.75,31.681767690744937,-0.055303257798782236,-1093.75,31.606260896260554,0.08757568610280368,-1093.75,31.529064832871207,0.049517075905998624
-1088.75,31.6612449457055,-0.007333451032451849,-1088.75,31.58574377581804,-0.016202246860173415,-1088.75,31.508536441457853,-0.03251846251267135
-1083.75,31.640569372843405,0.000609198861246155,-1083.75,31.56507270706007,0.07491571595812825,-1083.75,31.487852651585367,-0.10666960174028953
-1078.75,31.619755629432944,0.05096567585279493,-1078.75,31.544262337876116,0.03586884610981466,-1078.75,31.4670280932208,-0.04395187299184744
-1073.75,31.598817672272638,0.02401729998488996,-1073.75,31.5233266151032,-0.055259251338073245,-1073.75,31.4460766944243,-0.012098089873574153
-1068.75,31.577768789784848,0.10090703539743706,-1068.75,31.502278816633368,-0.039109483650439036,-1068.75,31.42501171345429,-0.023044127895324437
-1063.75,31.55662163266664,-0.022254253872430036,-1063.75,31.481131582070812,-0.12158258267772007,-1063.75,31.403845769420087,0.01609747439288158
-1058.75,31.535388243154344,0.01722761146511872,-1058.75,31.45989694200078,0.0033395766450303337,-1058.75,31.382590871543552,-0.05964106742031919
-1053.75,31.514080082960056,-0.004405626125768497,-1053.75,31.438586345928496,0.004764178367399421,-1053.75,31.36125844708883,-0.07274765560174949
-1048.75,31.492708059938334,-0.034926573447155246,-1048.75,31.417210688946806,0.004003255523322508,-1048.75,31.339859368018335,0.06033583535291597
-1043.75,31.471282553536685,0.0002163866759620093,-1043.75,31.395780337185943,0.050920782831711565,-1043.75,31.31840397642863,-0.06193869377793726
-1038.75,31.44981343908413,-0.048729622514665234,-1038.75,31.374305152099822,0.006823725443558151,-1038.75,31.296902108821016,-0.031063695891238797
-1033.75,31.428310110968503,-0.024099456772556038,-1033.75,31.352794513639708,0.05948629600124592,-1033.75,31.27536311925706,-0.023665271779465306
-1028.75,31.406781504751297,-0.02051265493193824,-1028.75,31.33125734236398,-0.09767005385902243,-1028.75,31.253795901448193,-0.12056030774796678
-1023.75,31.385236118267574,0.03625199257209385,-1023.75,31.30970212053169,-0.016842019386763475,-1023.75,31.23220890982712,0.023738009196936985
-1018.75,31.36368203175665,-0.018633509949769377,-1018.75,31.288136912225394,-0.0038954218337172103,-1018.75,31.2106101796465,-0.012823356076376075
-1013.75,31.342126927066005,-0.049644159858672016,-1013.75,31.26656938254632,0.04999804381568848,-1013.75,31.1890073461476,0.038410947135852906
-1008.75,31.320578105971403,0.03611098786774777,-1008.75,31.245006815923972,-0.054653053937409726,-1008.75,31.167407662841658,-0.01796869649558215
-1003.75,31.29904250765269,-0.018414169293306613,-1003.75,31.22345613358085,0.07872311757681688,-1003.75,31.145818018943984,0.02932382658639304
-998.75,31.277526725363185,-0.010516403479573487,-998.75,31.20192391018896,0.12212900761585062,-998.75,31.124244955997856,0.020997315166207037
-993.75,31.256037022330943,0.027403102362136746,-993.75,31.180416389757333,0.0818131659644812,-993.75,31.10269468372715,0.0387557010673196
-988.75,31.23457934692487,0.05967235636781407,-988.75,31.158939500783255,0.09124057668932326,-988.75,31.081173095150625,-0.012516414811907267
-983.75,31.213159347121486,-0.06968046022287115,-983.75,31.13749887070274,0.05723643104156578,-983.75,31.05968578099298,0.010579264063786724
-978.75,31.19178238430315,-0.010619875535121488,-978.75,31.116099839671538,-0.025209519961603494,-978.75,31.03823804342423,0.010050354656611462
-973.75,31.170453546419385,0.00724875799148378,-973.75,31.09474747370795,0.06859307649655669,-973.75,31.016834909158355,0.005922371557691687
-968.75,31.149177660539973,-0.032400436182917915,-968.75,31.07344657722616,0.09484674512420181,-968.75,30.99548114194021,-0.10128361929879166
-963.75,31.12795930482892,0.10296035926448266,-963.75,31.052201704989226,0.030043402420533872,-963.75,30.97418125444927,0.14898367493550227
-958.75,31.10680281996512,0.04838638753817544,-958.75,31.0310171735079,0.027786507529408668,-958.75,30.952939519646574,0.009752370619856107
-953.75,31.085712320036404,0.009820132747707648,-953.75,31.00989707191087,-0.018936496888709294,-953.75,30.931759981590396,-0.02866839999618432
-948.75,31.06469170293055,-0.013035309605989124,-948.75,30.988845272311416,-0.041074133050298486,-948.75,30.91064646574538,-0.02374183607667503
-943.75,31.04374466024723,0.022062710850289144,-943.75,30.96786543969331,0.03418835221650838,-943.75,30.889602588807765,0.02758141514683481
-938.75,31.02287468675327,0.02176972225907703,-938.75,30.94696104133869,-0.10486025056926847,-938.75,30.86863176806963,0.048266500842663644
-933.75,31.002085089401916,-0.004821359191369569,-933.75,30.926135355818545,0.048340880832026506,-933.75,30.847737230342275,0.09498246671883769
-928.75,30.981378995937142,-0.09594375517426786,-928.75,30.905391481567086,0.046685285514975985,-928.75,30.82692202045993,-0.04537648011707941
-923.75,30.960759363102,0.0016060241837754646,-923.75,30.884732345058122,0.025327386989105166,-923.75,30.806189009382063,0.07130843482995956
-918.75,30.940228984469172,-0.01962378760852629,-918.75,30.864160708602743,0.05221534008707506,-918.75,30.785540901912835,0.008285166666740307
-913.75,30.919790497912125,0.04096893751836199,-913.75,30.843679177785503,-0.030314077039829135,-913.75,30.76498024405521,0.08552316560924544
-908.75,30.89944639273277,0.07120596783844726,-908.75,30.823290208555704,-0.07610996460636281,-908.75,30.744509430015924,-0.03587587501562407
-903.75,30.8791990164626,0.026867427423912765,-903.75,30.8029961139902,-0.05067733737744928,-903.75,30.72413070887723,-0.021347692912612123
-898.75,30.85905058135146,0.027107510133800874,-898.75,30.782799070742403,0.047121983954148045,-898.75,30.703846190950348,0.04280689321472968
-893.75,30.839003170559312,0.03233761276678035,-893.75,30.762701125191942,-0.011023046451956824,-893.75,30.68365785382442,0.0006682671664608431
-888.75,30.819058744064574,-0.026415552019853034,-888.75,30.742704199309124,0.02250150891400569,-888.75,30.663567548125034,0.03959940862913289
-883.75,30.799219144301844,-0.026686528858372402,-883.75,30.722810096246974,0.10887755903738366,-883.75,30.643577002994558,-0.03676757675810658
-878.75,30.77948610154262,0.0551428164336262,-878.75,30.70302050567353,-0.06169188736817467,-878.75,30.623687831307056,0.025011002720814902
-873.75,30.759861239029373,0.014556594238775306,-873.75,30.68333700885567,0.004164788626482694,-873.75,30.603901534628154,0.011505186878596559
-868.75,30.740346077875977,-0.08879121596603999,-868.75,30.66376108350682,-0.09219014539591351,-868.75,30.584219507932293,0.013434033425022513
-863.75,30.720942041744635,0.043813240690003454,-863.75,30.644294108408555,-0.04693527383608616,-863.75,30.564643044086736,0.0009820922805043014
-858.75,30.701650461308923,-0.0018411667320636657,-858.75,30.624937367815548,-0.025034139839969546,-858.75,30.54517333811152,0.034149415527153164
-853.75,30.682472578514577,-0.05006833757560423,-853.75,30.60569205565601,-0.05867129098156412,-853.75,30.52581149122666,-0.073937681108529
-848.75,30.663409550645607,-0.009967809946625687,-848.75,30.58655927953387,0.021201870408512007,-848.75,30.506558514692944,-0.03415376992329033
-843.75,30.64446245420574,-0.0369372344123609,-843.75,30.56754006454372,-0.05125216243273431,-843.75,30.48741533345615,0.03369677075306054
-838.75,30.625632288623233,0.0004976672229268504,-838.75,30.54863535690572,0.04182024419994142,-838.75,30.46838278960189,0.05081357086217758
-833.75,30.606919979787534,0.0036110696356425054,-833.75,30.5298460274287,0.006140187043018706,-833.75,30.449461645628407,-0.0436630785920682
-828.75,30.588326383425148,0.059400288409804186,-828.75,30.511172874809247,-0.09900859638905342,-828.75,30.43065258754427,-0.08046869294713484
-823.75,30.569852288321968,0.005210731396246577,-823.75,30.49261662877342,-0.06144936234085753,-823.75,30.411956227797276,0.03101103361898981
-818.75,30.55149841939979,0.020910510060317064,-818.75,30.474177953068164,0.06288163568247615,-818.75,30.39337310804078,-0.08733946233582923
-813.75,30.533265440652812,-0.03687375033736346,-813.75,30.45585744830898,0.01955585037791351,-813.75,30.374903701742824,-0.011649991167733121
-808.75,30.515153957950872,0.0633782258104745,-808.75,30.43765565468972,-0.034352079899628386,-808.75,30.35654841664345,-0.1404946230938155
-803.75,30.497164521715447,-0.0381702423732502,-803.75,30.419573054560175,-0.066083611147071,-803.75,30.33830759706484,0.06254373675099717
-798.75,30.479297629474335,0.12510345649868623,-798.75,30.401610074877535,-0.015022226354380247,-798.75,30.320181526079047,0.00179176118628223
-793.75,30.461553728300053,-0.06697837414086981,-793.75,30.383767089536246,-0.03316264183775884,-793.75,30.302170427537078,-0.019375266230477278
-788.75,30.443933217137587,0.028565291932919325,-788.75,30.36604442158137,0.00910787451356247,-788.75,30.284274467962963,-0.062135066685878426
-783.75,30.42643644902646,0.033577145159721565,-783.75,30.34844234531055,-0.011403788180508228,-783.75,30.266493758316635,0.02993025526086617
-778.75,30.40906373322135,-0.042836234168624934,-778.75,30.33096108826803,0.013257787362791894,-778.75,30.248828355628,-0.04309556748701864
-773.75,30.39181533721662,-0.05318275598985333,-773.75,30.313600833135926,0.03230150093032389,-773.75,30.231278264505164,-0.06214952921496188
-768.75,30.37469148867856,-0.027770218609728406,-768.75,30.296361719525915,0.001712486742831914,-768.75,30.213843438519188,0.025847816518454737
-763.75,30.35769237728868,0.053328714158573265,-763.75,30.279243845674756,0.03907875557150529,-763.75,30.196523781466198,0.010681998631711338
-758.75,30.340818156504433,-0.01734461626550818,-758.75,30.262247270048782,-0.005597713819685383,-758.75,30.17931914851052,0.009250391795009886
-753.75,30.324068945237816,0.030853274036049285,-753.75,30.245372012857974,0.05007332660113774,-753.75,30.162229347207408,0.04190343562933015
-748.75,30.307444829458078,-0.040295559872487015,-748.75,30.228618057484876,0.04568431452877159,-748.75,30.145254138407708,0.028615627965234283
-743.75,30.290945863720157,0.07739381537406648,-743.75,30.211985351829853,-0.027273803741135083,-743.75,30.1283932370443,-0.014087794915958005
-738.75,30.274572072623933,-0.06243698395808102,-738.75,30.19547380957629,-0.017963297735730854,-738.75,30.111646312800612,0.04403338697616366
-733.75,30.258323452205264,0.04538901364211302,-733.75,30.1790833113771,0.054217200784296454,-733.75,30.09501299065984,0.04144672082989671
-728.75,30.24219997126321,-0.03776370214103727,-728.75,30.16281370596578,0.017951624970829052,-728.75,30.078492851334772,-0.03344839859080672
-723.75,30.226201572626092,-0.034237397240835896,-723.75,30.146664811193013,-0.022926924701927302,-723.75,30.062085431576115,-0.040814720631476176
-718.75,30.210328174358644,0.0353426546599047,-718.75,30.13063641499216,-0.01311088496884093,-718.75,30.045790224358036,-0.03199761397396852
-713.75,30.194579670912955,-0.04402841178992665,-713.75,30.114728276273375,-0.014426834531792757,-713.75,30.02960667893769,-0.04891708900696268
-708.75,30.178955934226536,-0.054116620356320914,-708.75,30.09894012575033,-0.0020411897970244175,-708.75,30.01353420078643,-0.011512986530946512
-703.75,30.16345681476818,-0.012785617591003318,-703.75,30.08327166669789,0.0022169339566029613,-703.75,29.99757215138822,-0.01603072885086781
-698.75,30.14808214253604,0.03837965206013469,-698.75,30.067722575645274,0.009004734042040347,-698.75,29.98171984790213,-0.017591932249847467
-693.75,30.132831728008085,-0.05788384040811872,-693.75,30.05229250300242,0.017961363557032324,-693.75,29.965976562682364,0.0002841195267588068
-688.75,30.117705363048678,-0.048837519526869905,-688.75,30.036981073623085,0.004099094570775201,-688.75,29.950341522651442,0.025260436929529215
-683.75,30.102702821772507,-0.03409257869530556,-683.75,30.021787887303553,0.0507226947629733,-683.75,29.934813908519533,-0.00657175808015716
-678.75,30.087823861368108,0.015022781304277456,-678.75,30.006712519218453,0.03803434845379482,-678.75,29.919392853841835,0.015942182694681777
-673.75,30.07306822288266,-0.002573038464425069,-673.75,29.99175452029309,-0.020259100546394574,-673.75,29.904077443906413,0.0803102237623815
-668.75,30.05843563197075,-0.00597976525719893,-668.75,29.976913417513558,0.037865898768973796,-668.75,29.88886671444268,-0.03729899718641864
-663.75,30.04392579960783,-0.0032824385946578316,-663.75,29.9621887141733,0.02195266640517384,-663.75,29.87375965013954,0.053959884036465004
-658.75,30.02953842277139,0.011349624321309504,-658.75,29.947579890056957,0.008677457059208837,-658.75,29.85875518296148,0.027548525101463456
-653.75,30.015273185091026,-0.04745260880389526,-653.75,29.933086401560395,-0.0055419545702807375,-653.75,29.843852190249358,-0.015194256998589615
-648.75,30.001129757468767,0.00033325122168694014,-648.75,29.91870768174607,0.07308875152158299,-648.75,29.829049492589974,-0.009629570752998891
-643.75,29.987107798673264,0.06161702375122226,-643.75,29.90444314033417,-0.08578216899540132,-643.75,29.81434585143927,0.05499260219707617
-638.75,29.973206955907298,-0.03409871488637655,-638.75,29.890292163626402,-0.02936499929979455,-638.75,29.799739966478448,-0.02136510540017404
-633.75,29.959426865352675,0.018647705583137626,-633.75,29.87625411436296,0.0070091105590258385,-633.75,29.785230472683622,0.01860228805950979
-628.75,29.945767152693254,0.0356873174036339,-628.75,29.862328331510515,-0.0572307485862431,-628.75,29.770815937085217,-0.020984438618061464
-623.75,29.932227433618184,0.05498149830583519,-623.75,29.848514129978646,-0.058412218917630244,-623.75,29.756494855190418,0.0679016470837126
-618.75,29.91880731430831,-0.058244148252868444,-618.75,29.834810800264215,-0.05309797784494974,-618.75,29.74226564704063,-0.056287173859609664
-613.75,29.905506391906982,0.015774926232793855,-613.75,29.82121760802021,0.02031912295677356,-613.75,29.728126652870678,0.06171911019567142
-608.75,29.892324254978462,-0.06216592397826112,-608.75,29.807733793546753,0.04182609606344733,-608.75,29.71407612833341,-0.02234690670837619
-603.75,29.879260483955687,0.01060501676484681,-603.75,29.794358571201784,0.034281413636433354,-603.75,29.700112239249155,0.020946970682947878
-598.75,29.866314651581447,-0.050361302140740465,-598.75,29.781091128727986,0.001251228323708409,-598.75,29.686233055834904,-0.059733070276218075
-593.75,29.85348632334425,0.024366789284033446,-593.75,29.767930626492106,0.015091302610684322,-593.75,29.67243654636052,0.03307403401421857
-588.75,29.840775057914435,-0.0062648060238478095,-588.75,29.75487619663393,-0.02879829490306279,-588.75,29.658720570176975,0.0843277818661147
-583.75,29.828180407581634,0.040581193714750316,-583.75,29.741926942119143,0.04646475659563298,-583.75,29.64508287004916,0.0053764058401641135
-578.75,29.815701918700295,0.07585786823469522,-578.75,29.729081935693312,-0.03020373399455399,-578.75,29.631521063723458,-0.0041794840351910756
-573.75,29.80333913214605,-0.0004993347510087378,-573.75,29.716340218730718,-0.02331708585976889,-573.75,29.618032634646227,0.029917556901410677
-568.75,29.791091583789036,0.045784289975795416,-568.75,29.703700799973284,-0.05752801237354378,-568.75,29.604614921741472,-0.01502807205376672
-563.75,29.778958804989653,-0.019068272564125858,-563.75,29.69116265415403,0.07859395071035677,-563.75,29.591265108143556,0.013771197684422715
-558.75,29.766940323123755,0.1335280721479689,-558.75,29.67872472049887,0.02733013252821355,-558.75,29.577980208766196,0.06605566184191598
-553.75,29.75503566214483,-0.09021700381304154,-553.75,29.666385901099844,-0.03417221634807124,-553.75,29.56475705657374,0.01377039438036782
-548.75,29.743244343191837,-0.06459845004840047,-548.75,29.654145059153663,-0.055503487133741314,-548.75,29.55159228740259,-0.0343622295457963
-543.75,29.731565885252504,0.07501514805186436,-543.75,29.642001017057467,0.018435138052318983,-543.75,29.538482323158917,-0.04490755120321438
-538.75,29.7199998058947,0.02973856978856217,-538.75,29.629952554354794,0.050655046390822606,-538.75,29.52542335319571,0.04577625552857386
-533.75,29.708545622077487,0.07380900178904282,-533.75,29.617998405523327,-0.013935744428192447,-533.75,29.512411313641877,-0.06582091281115938
-528.75,29.69720285105961,0.03570219480937014,-528.75,29.606137257596515,0.01492068235560868,-528.75,29.499441864426835,0.06680958225305832
-523.75,29.685971011421284,-0.0028717333799765732,-523.75,29.594367747610416,-0.015553812595650182,-523.75,29.48651036370197,-0.04892854165168915
-518.75,29.67484962422152,-0.009773343129743615,-518.75,29.58268845986713,-0.04001534525148945,-518.75,29.473611839319396,-0.004026949248084028
-513.75,29.663838214315756,0.07396941728137957,-513.75,29.571097923007095,-0.030652629880589,-513.75,29.460740956975368,-0.07592734479365659
-508.75,29.652936311861303,-0.03942873301547978,-508.75,29.559594606881387,0.009576607940142522,-508.75,29.44789198456475,0.028234858809398584
-503.75,29.64214345404517,0.05438063332705874,-503.75,29.54817691921685,0.05767623545828837,-503.75,29.43505875222236,0.08393713652684548
-498.75,29.631459187074114,0.01563895687835866,-498.75,29.536843202067942,0.0009548509159717001,-498.75,29.422234607444096,-0.05913040640745169
-493.75,29.620883068472747,0.041965143320499367,-493.75,29.525591728049438,0.0160325391836741,-493.75,29.409412364580593,0.03734516894923603
-488.75,29.61041466974569,0.010982396929129926,-488.75,29.514420696348093,-0.009503518261333561,-488.75,29.396584247881574,-0.022923800109329054
-483.75,29.600053579469463,0.022799989918903876,-483.75,29.50332822851264,-0.02054396662241259,-483.75,29.383741827129864,-0.020690254742184055
-478.75,29.58979940689103,-0.016693489470931366,-478.75,29.492312364026255,0.02366564520391176,-478.75,29.37087594474114,-0.10043664059088636
-473.75,29.579651786127336,-0.04361895923819789,-473.75,29.481371055671627,-0.04796107155153746,-473.75,29.35797663301118,-0.028173746218918938
-468.75,29.56961038107564,-0.002124290430680416,-468.75,29.470502164705486,0.00228521004627213,-468.75,29.345033019960226,-0.06468039101096597
-463.75,29.55967489116887,0.1036483696473036,-463.75,29.459703455868784,0.10346561811388161,-463.75,29.332033221948016,-0.049389936976751835
-458.75,29.54984505813545,-0.09608139557089843,-458.75,29.448972592272426,-0.01626913572474157,-458.75,29.318964220901474,-0.02886907537985597
-453.75,29.540120673958835,-0.039272451941865585,-453.75,29.438307130215627,0.008515879267167575,-453.75,29.305811723603558,0.0056043764538528384
-448.75,29.530501590269044,0.010147986295295664,-448.75,29.42770451401441,0.054700447593394264,-448.75,29.29256000001433,0.09131223443993737
-443.75,29.520987729453644,-0.07371203843357892,-443.75,29.41716207094816,0.002247713792730068,-443.75,29.279191697029265,-0.0260487031827799
-438.75,29.511579097835874,-0.08856747152921518,-438.75,29.40667700647095,0.08112574776755313,-438.75,29.26568762339888,-0.07916137837066668
-433.75,29.502275801346226,-0.07847042171009419,-433.75,29.3962463998809,0.002732320660063132,-433.75,29.252026500715,0.009575047265661956
-428.75,29.493078064215155,0.06558018786500446,-428.75,29.385867200710933,0.01287713015183434,-428.75,29.238184674401005,-0.010078905788509573
-423.75,29.48398625133523,-0.07394113088172023,-423.75,29.375536226184995,-0.026447273689841018,-423.75,29.224135777479585,-0.010628021498294823
-418.75,29.475000895103374,0.012623745309882068,-418.75,29.365250160201178,0.06282403148638306,-418.75,29.209850338530032,0.03544570331205003
-413.75,29.466122727752083,-0.029533930983577147,-413.75,29.35500555445012,0.057118574155830784,-413.75,29.19529532364643,-0.02668945421722181
-408.75,29.45735272043775,0.06853948992581833,-408.75,29.344798832475025,-0.05608609335063585,-408.75,29.1804336003704,0.030387918089552563
-403.75,29.44790863234882,-0.0893546452922008,-403.75,29.33384569120498,0.024944438723599343,-403.75,29.16444853858311,0.03755621038358757
-398.75,29.437789992811386,0.05871651775020209,-398.75,29.322140710126906,0.047685258393003055,-398.75,29.14729219899863,0.0045740319086083735
-393.75,29.427781557870716,-0.01838183215341246,-393.75,29.3104600373692,-0.0022881704428851036,-393.75,29.129685555273213,0.09000271910444163
-388.75,29.417885747730434,0.040978616441139704,-388.75,29.29879967918525,0.048590981639642414,-388.75,29.11156767619482,-0.0151274558511761
-383.75,29.40810557025764,-0.02837455690964862,-383.75,29.287155612710816,-0.03854490451396467,-383.75,29.092869090689625,-0.0943457870434076
-378.75,29.398444751033193,-0.01421010878078685,-378.75,29.27552384401782,-0.020765863642009223,-378.75,29.073510407677254,0.07943606400468395
-373.75,29.38890789632304,-0.05318053284873378,-373.75,29.263900489349826,-0.02992454567272288,-373.75,29.053400726020755,-0.002903766419455268
-368.75,29.37950069868535,0.029830366445662337,-368.75,29.25228188780164,-0.009255687977003995,-368.75,29.032435828181104,0.0031781794091780857
-363.75,29.370230198265737,0.14604685958076621,-363.75,29.240664756826224,0.08854959407814844,-363.75,29.010496173538307,0.0013303271635636096
-358.75,29.361105117500674,-0.07455094958708113,-358.75,29.22904640637484,-0.008066384210035003,-358.75,28.9874447490365,-0.025019864989472475
-353.75,29.352136293545765,0.013166874694116119,-353.75,29.217425033806517,0.051746740476150466,-353.75,28.963124907941516,0.020263542421634674
-348.75,29.343337242198725,0.016941444174086422,-348.75,29.205800130874874,0.07148185421307521,-348.75,28.93735844975714,0.0003090312704015232
-343.75,29.33472490081153,0.016196739138673987,-343.75,29.19417304754388,-0.046079735684116364,-343.75,28.909944389429825,0.07946801674605831
-338.75,29.326320617899498,-0.015908226147889577,-338.75,29.18254777734676,0.1044739503373708,-338.75,28.88065915870994,-0.044022875707321905
-333.75,29.318151487403586,-0.060222530677681164,-333.75,29.170932059081366,-0.07090739836426468,-333.75,28.84925939585688,-0.07044880177360277
-328.75,29.310252171568187,-0.03747949178705313,-328.75,29.159338935639713,0.061749753209826924,-328.75,28.815488995495713,-0.027154547423620168
-323.75,29.302667427607552,-0.04176111105133548,-323.75,29.14778898229313,-0.03026350271334781,-323.75,28.779092605649403,-0.05235378474773297
-318.75,29.295455665620214,0.017073095323604612,-318.75,29.136313529898153,-0.007094559704917791,-318.75,28.739838016246676,-0.0649214147136948
-313.75,29.2886940456555,0.05469888124980066,-313.75,29.12495939070458,0.0121523386340813,-313.75,28.697549439163797,-0.014538483223917417
-308.75,29.282485917427753,0.08152700617940549,-308.75,29.11379589327178,0.05659507780339408,-308.75,28.652152045881387,0.06286904984074541
-303.75,29.276971899196084,0.04623664792342529,-303.75,29.102925531452232,-0.008834525658186643,-303.75,28.603725245129315,-0.040107927750026584
-298.75,29.272346726501265,-0.06948300185795635,-298.75,29.092500374923137,-0.07660198354636284,-298.75,28.552559121824736,-0.005168420961009888
-293.75,29.26888541978899,-0.022597085661277196,-293.75,29.08274781799266,-0.04493382002703494,-293.75,28.499207643755057,-0.01571069548357916
-288.75,29.266984685731416,0.06781765839190472,-288.75,29.0740116171273,-0.06409456597006843,-288.75,28.444536212657013,0.04021453700680312
-283.75,29.26722907455791,0.07113336653650672,-283.75,29.06681775431283,0.025698296854549496,-283.75,28.389770086390012,-0.019519252043370443
-278.75,29.27049504713108,-0.029713596157510527,-278.75,29.061978143345435,-0.007173146027684993,-278.75,28.336559692675113,-0.06683702833623671
-273.75,29.2780988951542,-0.03134395754319896,-273.75,29.060737312253018,-0.03752868401355956,-273.75,28.287073734639424,-0.04658705020653849
-268.75,29.291911973105012,-0.01958609877250011,-268.75,29.0648819792688,0.00981871516745221,-268.75,28.244043305659225,-0.011800427168976824
-263.75,29.313850804400914,0.04154396993938306,-263.75,29.07620662253077,0.09533307034702926,-263.75,28.210143806333214,0.06695933786168068
-258.75,29.341251119227476,0.04362755984400435,-258.75,29.09178802920425,0.06792869960970192,-258.75,28.183133592521305,-0.03867129109854986
-253.75,29.338650623410953,-0.03533126604646502,-253.75,29.07542864461215,0.019745630243271375,-253.75,28.127026456138108,-0.06006467225605864
-248.75,29.124545485690206,-0.05366789421796656,-248.75,28.880411943705234,-0.07072433584705531,-248.75,27.7916927956585,-0.07641544198614997
-243.75,29.186901544431368,-0.007377788036342423,-243.75,28.927369696549846,0.02597754461174713,-243.75,27.800128808477144,-0.07477180360421264
-238.75,29.16700586567718,0.01510718709715474,-238.75,28.886082097693638,-0.08404586742231233,-238.75,27.723690843530317,-0.055107377084530375
-233.75,29.145978001269437,-0.010293544439654068,-233.75,28.839941497165157,0.0034779390317834983,-233.75,27.648439938337106,-0.0003566478209869857
-228.75,29.128752691651012,-0.031137394554977132,-228.75,28.793941727311022,0.009490011033943776,-228.75,27.580085390943726,-0.04019156962849743
-223.75,29.114124337892118,0.02589496476215259,-223.75,28.74636078435738,-0.01588450702470384,-223.75,27.517299592273176,0.0135542166781078
-218.75,29.10094657483792,-0.051350001887708246,-218.75,28.695366724492974,-0.012551776496438986,-218.75,27.45866496405722,-0.010291692242194861
-213.75,29.088482775856747,-0.0843882700288994,-213.75,28.639519263206765,-0.10902482078014822,-213.75,27.40319803816272,-0.06745046400362506
-208.75,29.076264656323776,-0.036561134455387986,-208.75,28.57775422618968,-0.04924580275565969,-208.75,27.35024450027846,0.07733855758821559
-203.75,29.06397597625124,0.027009052695762144,-203.75,28.509420872890487,0.03629161002705953,-203.75,27.299366553506673,-0.003984052968403403
-198.75,29.051383684059747,0.10303005570280513,-198.75,28.434381492496666,-0.031416553546865934,-198.75,27.25027067861615,-0.007557066584656245
-193.75,29.038298170891427,0.06797842763069124,-193.75,28.35310358887324,0.0010200648394644973,-193.75,27.202764357363087,0.029400826979194956
-188.75,29.02454930652077,-0.03221399250596446,-188.75,28.266671456252244,0.06648328966709217,-188.75,27.15673041061855,-0.09716046953029832
-183.75,29.01090479700519,0.021410068831215285,-183.75,28.177658000739665,0.09354666585078747,-183.75,27.11323326484284,0.06653165940463415
-178.75,28.996574410300518,0.07820852232070855,-178.75,28.087374341158856,-0.06971354748797974,-178.75,27.071544686525105,-0.01390479511742207
-173.75,28.98105278841148,-0.0181045778859584,-173.75,27.997383836558928,0.07742940861178775,-173.75,27.031336927328194,0.02814328764543338
-168.75,28.96411947506337,0.036609220784865386,-168.75,27.909264900179036,0.009323365671537458,-168.75,26.992701688682768,-0.014584444793337165
-163.75,28.94551952291575,-0.03695258481559301,-163.75,27.824097439941458,0.004143087953702687,-163.75,26.955778596613126,0.05272748571705436
-158.75,28.92495319407767,0.012357249030228112,-158.75,27.74242959706059,0.0006197349968285121,-158.75,26.920745933565627,-0.0023634588525132567
-153.75,28.90206426153894,-0.05090515393844456,-153.75,27.664390300596423,0.053435104328399465,-153.75,26.887791045894136,0.051184634878538915
-148.75,28.876426669109136,0.010220592341635274,-148.75,27.589857363088733,0.09303162098042457,-148.75,26.857052208646035,0.06664916280433653
-143.75,28.84752974306311,-0.013542073817885926,-143.75,27.518603121402307,-0.006751015153410932,-143.75,26.82855300419253,0.006486265801599451
-138.75,28.814763007363254,-0.12700691700138714,-138.75,27.450390489886313,0.10696800290093088,-138.75,26.802180197223606,-0.06675469171626651
-133.75,28.777403302454623,-0.02664063077016677,-133.75,27.38502629593087,0.04883344649524965,-133.75,26.77772499843767,-0.1197575150785458
-128.75,28.734609859636844,-0.018486922459113403,-128.75,27.32238780053209,-0.020122147348052653,-128.75,26.75494717242597,0.021119592930663636
-123.75,28.685437733985207,0.08067906514395319,-123.75,27.262435399340973,0.007777837991052951,-123.75,26.733619550118696,-0.04076695113436794
-118.75,28.628886342810063,-0.0015259630726147965,-118.75,27.20521879802327,0.04976578346522789,-118.75,26.713546060457507,-0.03700933114341594
-113.75,28.564005205472906,-0.004857585969634267,-113.75,27.15087750485834,-0.061667633509127344,-113.75,26.69456417569487,-0.043742431659662954
-108.75,28.490075852566804,0.0026270298745662123,-108.75,27.099627840354866,-0.014220797697364174,-108.75,26.676541399379904,0.023623723464335653
-103.75,28.40686469762161,-0.0630108538249985,-103.75,27.051718934342173,0.006444068084519761,-103.75,26.659370481082078,-0.0482651307949686
-98.75,28.31488848948112,-0.04208088579240852,-98.75,27.007344622481362,0.013688592365591869,-98.75,26.642965021086862,0.008293040466572754
-93.75,28.215570896383433,-0.07660874359249865,-93.75,26.966541028506843,0.06610788633297825,-93.75,26.62725586964671,-0.004985028056804875
-88.75,28.111154701565443,-0.08055601965127263,-88.75,26.92914672063241,0.07474563509771946,-88.75,26.612188307789296,0.0851145193842073
-83.75,28.00433072602758,-0.006721335044149075,-83.75,26.894859096898383,0.007971271858704531,-83.75,26.597719894157994,-0.11929570811252915
-78.75,27.89772865610245,-0.036146080894182565,-78.75,26.863328870569713,-0.017827607564986296,-78.75,26.58381886024804,0.004867117383232679
-73.75,27.793529379148143,-0.09629235324347082,-73.75,26.834227967191005,-0.032535287667504346,-73.75,26.570462960077784,-0.041421291749032606
-68.75,27.693359496126828,0.06269054277212589,-68.75,26.807278456374664,-0.06404882982848008,-68.75,26.557638707219095,0.08265101098995126
-63.75,27.59841489658316,-0.04521926282653747,-63.75,26.782257889464198,0.00927075884101714,-63.75,26.54534095694681,-0.010841913231611065
-58.75,27.509646731671822,-0.07514303822947571,-58.75,26.758995413572816,0.05314862995765715,-58.75,26.533572814366096,-0.05982221867529589
-53.75,27.42786513015957,-0.037320753767106765,-53.75,26.737365905573547,-0.002064445467250786,-53.75,26.52234587254482,0.06787766816533453
-48.75,27.353694159738414,0.006291489661980597,-48.75,26.717284860981238,0.020954411655356636,-48.75,26.511680810965153,-0.007349345397824836
-43.75,27.28743437690769,0.01635059625226623,-43.75,26.698704866155758,-0.06102281152322695,-43.75,26.501608417717573,0.010009864254390367
-38.75,27.22900339598318,0.009517583688881767,-38.75,26.681613867495624,0.004760642548608841,-38.75,26.492171143305946,0.089966760862982
-33.75,27.178052812856297,-0.11589264155043327,-33.75,26.666035348679852,-0.025083072934226194,-33.75,26.483425351754608,0.06662542167766952
-28.75,27.134168736478085,0.01935122673154975,-28.75,26.652030587666587,0.012571672431192166,-28.75,26.47544449224226,-0.08897463136140599
-23.75,27.097029394704123,0.017545582711775306,-23.75,26.639703157331862,0.04432163466700414,-23.75,26.46832339642064,0.08184665339540534
-18.75,27.066488397652446,0.0016635324020907616,-18.75,26.629205307089673,-0.07261574588617023,-18.75,26.462183539011328,-0.11927663692328674
-13.75,27.042605994218082,-0.1129828282424159,-13.75,26.620743627321666,0.08062649859058939,-13.75,26.457177598591343,0.04327809959376119
-8.75,27.025639309791405,0.011989072896236875,-8.75,26.614575130778352,-0.06246088797489912,-8.75,26.45348747809713,0.030127933535482355
-3.75,27.01596790930184,0.007233100004698036,-3.75,26.610974253072513,-0.02688719555601081,-3.75,26.451302865333368,0.09134156062706775
1.25,27.013923881249745,-0.04449280460779879,1.25,26.61015223065215,0.023013100528763222,1.25,26.45076802513019,0.01923586156272057
6.25,27.019588009646313,-0.10433026891410047,6.25,26.6121582129498,-0.0161421410705183,6.25,26.451916311138426,0.0012844386671255921
11.25,27.03273251463205,-0.007187778295927973,11.25,26.616851310000026,-0.051993667670130674,11.25,26.45465163791869,0.08973238587366272
16.25,27.05297431253152,0.023890019970855297,16.25,26.62397526538167,0.026394430744824823,16.25,26.45879796151726,0.06295653220212812
21.25,27.079979494613276,0.017342521506358583,21.25,26.633256866286594,0.003794855618545936,21.25,26.464164373156898,-0.013077708340693182
26.25,27.113584479663114,0.03754295899668481,26.25,26.644462007535278,-0.0007354984206097839,26.25,26.470581924666785,0.0011765913097149775
31.25,27.153833215170952,-0.0286753072839902,31.25,26.65741110060855,-0.05858684135431813,31.25,26.477913312966763,0.010082526850202493
36.25,27.200965713648685,-0.0667083303921505,36.25,26.671976472187794,-0.028888488651117435,36.25,26.486050444625292,-0.010563670015936224
41.25,27.255363899239285,-0.014409687018860425,41.25,26.68807574585639,-0.10710132390569889,41.25,26.494909134786173,0.04119411692908015
46.25,27.31743254351278,0.019019542974565887,46.25,26.70566627177418,-0.060388099585601575,46.25,26.50442424904781,0.0933632400542781
51.25,27.387409845444704,-0.03245952030019115,51.25,26.724741749431526,0.02095607765910311,51.25,26.514545978603127,0.01625230423146895
56.25,27.465189668852155,-0.07727226789297434,56.25,26.745331028651528,0.036312025953473215,56.25,26.52523715140983,0.039482969668046375
61.25,27.550292124441704,-0.03592314202763883,61.25,26.767498894117093,0.04556914748414337,61.25,26.536471345732643,0.06399679507688173
66.25,27.641984662047744,-0.0115048731199234,66.25,26.79134869845594,0.01598228375339558,66.25,26.548231609036662,0.03227174793338362
71.25,27.739389688699692,0.02262451953012899,71.25,26.81702671721975,0.029126117408899446,71.25,26.560509646671154,0.05450459971543591
76.25,27.84145329840003,-0.014942417231529734,76.25,26.8447278031898,-0.0007047298574787577,76.25,26.57330539605853,-0.03375880686158955
81.25,27.946786455156637,0.021847754787527568,81.25,26.87470079294298,-0.012999635471723484,81.25,26.58662694027935,0.008240163673175822
86.25,28.053488602467954,-0.04251583013753672,86.25,26.907249083360824,0.07174862679720122,86.25,26.60049074399759,0.011625255996224675
91.25,28.15912091997061,0.02062275168173294,91.25,26.942715692638387,0.07374780999330288,91.25,26.614922218889717,-0.014798006095159053
96.25,28.26095939410152,0.00490883813264047,96.25,26.981435970084547,0.021337202253789756,96.25,26.629956648396544,-0.029874528445038823
101.25,28.356474750180727,-0.0662593244085861,101.25,27.023651505250495,-0.008845424682183278,101.25,26.64564052523803,-0.014781467109676325
106.25,28.44380192972242,-0.0355298615559039,106.25,27.069424353272055,-0.012797125040523057,106.25,26.662033380893376,-0.05639064089943672
111.25,28.52197533869544,0.09109393272732358,111.25,27.11862636557169,-0.05824077051236808,111.25,26.679210212514267,0.07228274283051803
116.25,28.590880517146523,0.0006243522633277302,116.25,27.171019960391536,-0.03793915690256365,116.25,26.69726462788335,0.1571318016695843
121.25,28.65102495035485,-0.04575558255146806,121.25,27.226361061756286,0.0636775192284787,121.25,26.71631279125257,-0.009452261524587889
126.25,28.70326730056689,0.04289697078502631,126.25,27.28446508788608,0.11175442670891896,126.25,26.736498033370967,-0.027413792477084316
131.25,28.748596592495506,-0.01829230242072836,131.25,27.345232773489254,-0.03452131633479362,131.25,26.757995242950226,-0.006761406954920964
136.25,28.7879897764576,-0.015794104344458687,136.25,27.408654658451002,0.0955549320501607,136.25,26.78101214117792,-0.029557658638940665
141.25,28.822337325067913,0.02721721870019709,141.25,27.474807231239655,0.03303221524986367,141.25,26.80578039342255,-0.052878801389491525
146.25,28.85241455103588,-0.024624886363629916,146.25,27.54384382094,-0.019222010258503733,146.25,26.832525033614797,0.06101667076609656
151.25,28.878878759865387,0.0030623359148064374,151.25,27.615976002453703,-0.05465623468191633,151.25,26.861406826794322,0.01333307103935581
156.25,28.902278762109205,0.09313490522778439,156.25,27.691435256688806,-0.042115742985603985,156.25,26.892462315441833,0.011656982887520859
161.25,28.92306892890872,0.004619482699655374,161.25,27.7703996803562,-0.03515989089406108,161.25,26.92559186092055,0.06288386318666392
166.25,28.941623768648814,-0.0273565318492923,166.25,27.852871944762764,-0.030894348579058664,166.25,26.960609155944944,0.07300770378954617
171.25,28.95825121045197,-0.006182696271022083,171.25,27.938514987565036,-0.016381201609653954,171.25,26.99730755050072,0.0372039964792353
176.25,28.97320394457459,-0.00636030478019241,176.25,28.02649821596059,-0.03444903984071872,176.25,27.035502914371627,-0.035031771344582095
181.25,28.986688727555524,0.02017774583591052,181.25,28.115447568041297,-0.010023933118341532,181.25,27.07504971229413,0.02775136930747999
186.25,28.998873791181754,0.0013393720585913914,186.25,28.20356330826065,0.030555085914837382,186.25,27.11584276352988,-0.014933282821346134
191.25,29.01085540048874,0.03312681274996292,191.25,28.289835642266457,-0.0897420090593992,191.25,27.158952093240888,-0.07321057800438746
196.25,29.02209271940722,-0.08028771312982576,196.25,28.371711747567822,-0.03877014602955196,196.25,27.203564487552573,-0.0040635506693175
201.25,29.03233997971274,-0.0021656097239416043,201.25,28.44741015493755,-0.0430797999248193,201.25,27.24929332354902,-0.03823803234837263
206.25,29.04164590667177,0.06364852621257787,206.25,28.516021743938197,0.08817040623773964,206.25,27.296164333167876,0.008639236480578667
211.25,29.050031717861124,-0.05724553176326629,211.25,28.57720521575178,0.0280954244449063,211.25,27.34423353793965,-0.0024387589909007053
216.25,29.057487794942414,0.03450049974605565,216.25,28.63109423522721,0.14384048230676547,216.25,27.393587834758808,0.07934615617181917
221.25,29.063967835873605,-0.02771006674415787,221.25,28.67813483792195,-0.032443942495221055,221.25,27.444345489463313,-0.05710004891087224
226.25,29.069381180308294,0.06467943531590235,226.25,28.718915122574803,0.040247345710044916,226.25,27.496655339605013,-0.02491203327693435
231.25,29.07358708965395,0.05451308936035616,231.25,28.754028137669636,0.0480568791706269,231.25,27.550689880534033,-0.04204414872868031
236.25,29.07637798029138,0.0029265811852351525,236.25,28.783945439376446,-0.04367239117730218,236.25,27.606578767274975,0.0026240657240458602
241.25,29.076860418987266,-0.05524092365819805,241.25,28.808193675629255,-0.05183345009520756,241.25,27.663481973072393,-0.05002494129010361
246.25,29.05956543772497,-0.06143627754560922,246.25,28.810590748760408,0.13085965519755055,246.25,27.70402378785391,-0.029617742554971974
251.25,29.266907222373842,-0.025233436333617854,251.25,28.995607887612444,-0.0015946537750939965,251.25,28.028303810071336,-0.04316259368836206
256.25,29.349364482516055,-0.04344840023545481,256.25,29.09334808321117,-0.036883360338419255,256.25,28.164481290487053,-0.02482988063272827
261.25,29.327434756611453,-0.07242240237108415,261.25,29.084061087533524,-0.07701365237468058,261.25,28.19634609039823,0.10139088416376914
266.25,29.30163015598711,-0.05557927436089582,266.25,29.06942331439159,0.012982760389506146,266.25,28.22568057401132,0.06428519627191585
271.25,29.28391983047386,-0.10721274086731546,271.25,29.06183437348626,-0.0001540226741569042,271.25,28.26439316772219,0.0011289749033442005
276.25,29.273477427003634,0.03295297476275665,276.25,29.06063652640828,-0.03462394075121971,276.25,28.3110217958125,-0.05262651241611404
281.25,29.268241189688812,0.005609884084311425,281.25,29.06386581418272,-0.084355148366168,281.25,28.362677478349834,-0.02637358635017591
286.25,29.26661944280126,-0.03317515031652395,286.25,29.070007455305557,0.014609899034430522,286.25,28.41690217447909,0.036637485126492335
291.25,29.26753623954405,-0.07050625069466027,291.25,29.07805337085924,0.07065883340528471,291.25,28.471799012520094,-0.049693562453115084
296.25,29.270276966392416,-0.07457627053148173,296.25,29.08735043884744,-0.006295328799917186,296.25,28.525940095745884,-0.00531054089905227
301.25,29.274361299963658,0.010871861715126201,301.25,29.097474060693063,0.021662290597785776,301.25,28.578286750948426,0.0038977321935969554
306.25,29.27945982403746,0.03085475174506125,306.25,29.108145067292526,0.032451684435389455,306.25,28.628135011034832,0.06629018456473551
311.25,29.285341707746902,0.004372891958838482,311.25,29.119177723763535,-0.11854367719619857,311.25,28.675069118474244,-0.04746621454888522
316.25,29.291841856432686,0.02956283795855605,316.25,29.130447276006166,-0.05282641858521614,316.25,28.718911310448295,-0.013227337188819334
321.25,29.29883996778132,0.007925976695883023,321.25,29.141869439515048,-0.03593811656487054,321.25,28.759666312681325,0.05076425321440767
326.25,29.306246905564702,-0.0046238582238445295,326.25,29.15338720990805,0.012937936398035102,326.25,28.797465645554446,0.00159915834525294
331.25,29.3139956442588,-0.04683099358056371,331.25,29.164962226392433,-0.09645488314535335,331.25,28.83251819169365,0.004994020955700886
336.25,29.32203512595426,0.014680690368156472,336.25,29.176569017355558,0.08629144024167436,336.25,28.86507117656341,-0.04715583537218824
341.25,29.330326011371813,-0.03535804325679675,341.25,29.188191104494226,-0.02009587064069222,341.25,28.89538251446155,0.011694269442998576
346.25,29.33883768774691,0.0708790342762761,346.25,29.199818327077175,-0.016571967123648713,346.25,28.923703166234418,-0.0950210191340188
351.25,29.347546126753368,0.06417153494562737,351.25,29.211444980763076,-0.005688426451017757,351.25,28.950267165713477,-0.0076299370736559735
356.25,29.35643232763574,-0.0031998029469480676,356.25,29.223068508653363,-0.013997419289435476,356.25,28.975286943235083,-0.02394161025093243
361.25,29.36548116992946,-0.01787685576810098,361.25,29.23468857201941,-0.00311056632481319,361.25,28.998952005092402,0.017610508487211143
366.25,29.374680557261748,-0.008195165127416684,366.25,29.246306385388372,-0.01121165378858069,366.25,29.021429564095953,-0.04872210055251576
371.25,29.384020770944467,-0.011645715085901365,371.25,29.257924237791684,-0.02729345342613784,371.25,29.042866186815708,-0.11892250030338569
376.25,29.393493976752566,0.10883136774089258,376.25,29.269545146444727,0.052792221044295255,376.25,29.0633898760491,-0.019758261479663086
381.25,29.403093844905857,0.02717507585950269,381.25,29.281172605479213,-0.012058118832029223,381.25,29.083112248709924,0.02038760422576365
386.25,29.412815254640787,0.04609823613292222,386.25,29.292810403434746,0.024501092226651696,386.25,29.10213062470904,0.030298388705678192
391.25,29.422654062642998,-0.08655488626100309,391.25,29.304462490825298,0.024135654429630476,391.25,29.120529937495764,-0.01921711964658833
396.25,29.43260692015442,-0.04932196744871871,396.25,29.316132884383265,-0.07470381715809714,396.25,29.138384432509305,-0.14029547810899737
401.25,29.442671127506205,0.033721453688726144,401.25,29.327825598289333,-0.0691412273953506,401.25,29.15575915059671,0.006342913014275507
406.25,29.452844517667845,0.11022274991112982,406.25,29.3395445953304,-0.024236133845740606,406.25,29.17271120929118,0.013090464112002138
411.25,29.461561659889984,-0.007771510417199733,411.25,29.34973540665874,-0.0566979539126123,411.25,29.187743292378926,-0.02496320762382348
416.25,29.47038752666127,-0.09950302353534096,416.25,29.359962243413023,0.025872236004648455,416.25,29.20244834844506,-0.08189323081426893
421.25,29.479321010679772,0.05608977081840735,421.25,29.370228743870236,-0.057211634852455,421.25,29.2168657888102,0.044415897210327265
426.25,29.48836126611995,-0.09332858604865388,426.25,29.380538421607117,-0.021486701313114125,426.25,29.23103062463186,-0.08686582830698164
431.25,29.497507665589264,0.08125273704450055,431.25,29.390894659587325,0.04764091320204432,431.25,29.244974047129748,0.01779033325187368
436.25,29.506759764594904,-0.03452470212160878,436.25,29.401300707686524,-0.055679118116515214,436.25,29.25872392301146,0.014937696365235786
441.25,29.516117272099045,0.009454161738485161,441.25,29.411759682729805,-0.03700419158142439,441.25,29.272305218132374,0.0561496429949355
446.25,29.52558002602857,0.03494791101365687,446.25,29.422274570337173,-0.02717040565742121,446.25,29.285740360464118,0.03802757922134449
451.25,29.53514797283853,0.048730359084460106,451.25,29.43284822804983,0.013413755131006394,451.25,29.299049551731983,0.0020456458267309996
456.25,29.54482115040281,-0.05119473952341198,456.25,29.44348338933768,-0.010979058387392998,456.25,29.31225103560045,0.06700589885171118
461.25,29.55459967364856,-0.07222883580730612,461.25,29.45418266818715,-0.0023599769219116652,461.25,29.325361329026762,0.058650539443197675
466.25,29.564483722460043,0.054884945948175834,466.25,29.464948564043162,0.008074656093810369,466.25,29.338395422339385,-0.020621670567947163
471.25,29.574473531466563,0.04413661448895481,471.25,29.475783466937354,-0.0009020652092357837,471.25,29.351366952708755,0.011006100309122205
476.25,29.584569381399692,-0.01130695481366193,476.25,29.486689662676444,-0.02784023454201221,476.25,29.36428835493105,0.008371174358075042
481.25,29.594771591760328,0.031033364617979276,481.25,29.497669337998353,0.01479893197016173,481.25,29.377170992822975,-0.015898081733887758
486.25,29.605080514583104,0.06917490786281329,486.25,29.508724585630357,0.03752623454035997,486.25,29.390025274007357,-0.00482113124513867
491.25,29.615496529122215,0.054173659681923905,491.25,29.519857409200977,0.05003984861279184,491.25,29.402860750436023,-0.016061645146189296
496.25,29.62602003731175,-0.0015418824074794545,496.25,29.531069727972948,-0.030918402740334812,496.25,29.41568620663391,-0.05354638429647466
501.25,29.636651459879577,0.11511787142292429,501.25,29.54236338137636,0.023286557335003153,501.25,29.428509737347362,0.044375111648460724
506.25,29.64739123301272,0.04974510115401647,506.25,29.5537401333281,0.10458537155425814,506.25,29.44133881602519,0.020478751581828908
511.25,29.658239805490094,0.11346033100050773,511.25,29.565201676331633,-0.0924242153490422,511.25,29.454180355350193,-0.016358625182156052
516.25,29.66919763620932,0.03515349022263779,516.25,29.576749635354847,0.014567817693871549,516.25,29.467040760858964,-0.02913560796444697
521.25,29.680265192049607,0.022908021052102524,521.25,29.588385571487333,0.06963231278699968,521.25,29.479925978539654,-0.05711032872510485
526.25,29.691442946018576,0.0369330013248347,526.25,29.600110985381267,0.028131293104145062,526.25,29.49284153716917,0.05957460203511165
531.25,29.70273137563979,-0.007533801100632048,531.25,29.611927320481975,-0.0022177135918913433,531.25,29.505792586044205,-0.034765666428695885
536.25,29.7141309615458,-0.0037763773603389397,536.25,29.62383596605488,0.03774905637690556,536.25,29.518783928672566,-0.07214836632659465
541.25,29.725642186244084,-0.03887597916888281,541.25,29.635838260016822,0.05590087746769067,541.25,29.53182005290898,-0.032084991241246086
546.25,29.73726553303022,-0.011478035551175911,546.25,29.647935491579883,0.10528283217067841,546.25,29.544905157959267,-0.0325090027043236
551.25,29.749001485025634,-0.011045352981641957,551.25,29.66012890371611,0.021138298227590717,551.25,29.558043178618046,-0.05844459837890037
556.25,29.760850524320112,0.04699000401521051,556.25,29.6724196954524,-0.026636313016849114,556.25,29.57123780705732,0.013137034761315553
561.25,29.772813131202387,0.041835253691045265,561.25,29.68480902400241,0.021942450561229742,561.25,29.584492512443372,0.02459922478044929
566.25,29.784889783464507,0.10228263588931236,566.25,29.697298006744777,0.055995929591396855,566.25,29.597810558622882,-0.010684759700356043
571.25,29.79708095576793,0.009831556536643082,571.25,29.709887723055317,-0.030431494291312446,571.25,29.611195020090523,0.03185235570992561
576.25,29.8093871190598,-0.06356413958823046,576.25,29.72257921600074,-0.00020219700447462446,576.25,29.624648796422584,-0.019504223011201565
581.25,29.821808740030413,-0.0006823369168852747,581.25,29.73537349389979,-0.05243313245382807,581.25,29.638174625338824,0.019472366448454237
586.25,29.834346280603704,0.011479820783294091,586.25,29.748271531760192,0.06095383922894165,586.25,29.651775094535793,-0.046443878986176926
591.25,29.847000197453887,0.01913553424093864,591.25,29.761274272597223,0.02620761424875367,591.25,29.665452652418505,0.03186554244644528
596.25,29.85977094154103,0.04600556065531276,596.25,29.774382628638676,0.01925036625415524,596.25,29.67920961783945,-0.01402571012944763
601.25,29.87265895766128,0.0009254520064346446,601.25,29.78759748242343,0.012029311976658038,601.25,29.69304818894558,-0.02455559790955206
606.25,29.885664684005885,-0.030889731771193304,606.25,29.800919687797293,0.024261590166300213,606.25,29.706970451217757,-0.05364788862754728
611.25,29.89878855172497,0.13320329757051105,611.25,29.81435007081172,0.07941581122666153,611.25,29.720978384782473,0.09135423663192019
616.25,29.912030984492045,-0.0068849914826861125,616.25,29.82788943052928,0.020736006010621658,616.25,29.735073871061594,0.08706255298722214
621.25,29.925392398066197,0.06822623597747773,621.25,29.841538539740196,-0.02842145010664386,621.25,29.74925869882337,0.04112240264938374
626.25,29.93887319984818,0.010981164325506373,626.25,29.855298145593313,-0.022886199670201737,626.25,29.763534569687014,-0.014527013184361413
631.25,29.952473788427273,-0.05282838631092729,631.25,29.869168970144685,-0.02271796396399547,631.25,29.777903103130296,0.024610619434113842
636.25,29.96619455311782,-0.0892172979013062,636.25,29.88315171082795,0.026500431336476223,636.25,29.79236584104311,-0.07628254731991706
641.25,29.980035873480418,0.059031838090714134,641.25,29.89724704084696,0.027650769329016025,641.25,29.80692425186482,-0.017607752129042486
646.25,29.99399811882757,0.08396145061866717,646.25,29.91145560949545,-0.0026548457326567437,646.25,29.82157973434033,-0.008971288885429193
651.25,30.00808164771137,-0.0016542280984573412,651.25,29.925778042404716,0.016048320379245997,651.25,29.836333620926403,-0.03514779955992171
656.25,30.02228680738935,-0.08737551479971219,656.25,29.940214941720935,-0.033439467336244894,656.25,29.85118718087342,-0.06408085563451471
661.25,30.036613933268892,-0.0608881786939414,661.25,29.95476688621498,0.015308899946970086,661.25,29.866141623010424,0.0205642022390487
666.25,30.05106334832655,-0.023763656286680302,666.25,29.969434431324192,0.03364241169977468,666.25,29.88119809825243,-0.0222840899008636
671.25,30.065635362501435,0.09090095362480208,671.25,29.98421810913013,-0.037559024069524265,671.25,29.896357701852676,0.07384915670967433
676.25,30.08033027205987,-0.0022013218765602844,676.25,29.999118428269842,0.004484707385760091,676.25,29.91162147541489,-0.10402607126067578
681.25,30.095148358930416,0.02283804898000913,681.25,30.014135873784543,-0.014858368821871052,681.25,29.926990408683327,0.013656593631040074
686.25,30.11008989000686,0.169569520606149,686.25,30.029270906904376,0.013160662504545506,686.25,29.942465441124355,-0.028497068917020803
691.25,30.125155116417165,0.02174454314583763,691.25,30.04452396476986,0.0746996905964399,691.25,29.958047463311384,0.04560934140169047
696.25,30.140344272757435,-0.005813889803783271,696.25,30.059895460091113,0.020683751674110965,696.25,29.973737318126034,0.00923277046891504
701.25,30.155657576287695,0.005224486693489069,701.25,30.075385780743705,-0.04604405537358993,701.25,29.98953580178404,0.013636942115444438
706.25,30.171095226088443,-0.013070874569514898,706.25,30.09099528930121,-0.047091072994455974,706.25,30.005443664696035,0.04274432406783619
711.25,30.186657402176145,-0.06741693854692003,711.25,30.106724322505094,0.018367841823372474,711.25,30.02146161217064,0.04513140091712611
716.25,30.202344264574634,0.019717118553940094,716.25,30.122573190669545,-0.03135735683254768,716.25,30.037590304967114,-0.03687936780547368
721.25,30.218155952341405,-0.03500173508069396,721.25,30.138542177022213,-0.021588062355374072,721.25,30.053830359703284,-0.036558859738047886
726.25,30.234092582546097,-0.022053541107037,726.25,30.15463153697904,0.09153196281657798,726.25,30.070182349124934,0.0700610898809441
731.25,30.250154249198292,0.12529155889237722,731.25,30.170841497351677,-0.009105326157285659,731.25,30.08664680224008,-0.0019230791156432826
736.25,30.26634102212435,-0.02198569778287549,736.25,30.187172255488377,-0.08692989841044527,736.25,30.103224204323734,0.1466788146369405
741.25,30.28265294578777,-0.006357619676136708,741.25,30.203623978343327,0.0009180945473363348,741.25,30.1199149967946,0.0021738548055782137
746.25,30.29909003805371,0.042328541830474166,746.25,30.2201968014768,-0.07870280012574435,746.25,30.136719576968414,0.07405375413364405
751.25,30.31565228889234,0.05294261953092381,751.25,30.23689082798101,0.06945872710185709,751.25,30.153638297688396,-0.04664395415839419
756.25,30.332339659020104,0.10120018817844184,756.25,30.253706127331764,0.04458729239598816,756.25,30.170671466835515,0.012864613041938725
761.25,30.349152078475267,0.031135225175090375,761.25,30.270642734163303,-0.004814562726344975,761.25,30.18781934671978,-0.07501479026556496
766.25,30.366089445124384,-0.014969999513732749,766.25,30.287700646962872,-0.04917555023798429,766.25,30.205082153352866,0.009125339843481272
771.25,30.383151623097383,0.06426300232252978,771.25,30.304879826684786,-0.0027815366523532012,771.25,30.222460055602536,0.006615788499551689
776.25,30.40033844114693,-0.01630760154043775,776.25,30.322180195278577,-0.023626220585922328,776.25,30.23995317422891,-0.0476202539194181
781.25,30.417649690929593,-0.016463661758117296,781.25,30.33960163413034,-0.032602218693641084,781.25,30.257561580801625,0.012279056461540747
786.25,30.435085125204466,-0.03061457653455963,786.25,30.357143982413707,-0.0109316212044875,786.25,30.27528529649788,-0.0742855965849337
791.25,30.452644455945872,0.017600098943541177,791.25,30.37480703534617,0.009354311914671492,791.25,30.293124290778877,0.008178657661841938
796.25,30.47032735236515,-0.033192422437776856,796.25,30.39259054234809,-0.018180846568109938,796.25,30.311078479943614,-0.026936000939903077
801.25,30.48813343883945,0.004620762913048421,801.25,30.41049420510121,0.06604767397518137,801.25,30.32914772555841,0.024541044666014686
806.25,30.506062292740253,-0.03296271139382479,806.25,30.42851767550039,0.0386752146807966,806.25,30.347331832758332,-0.0041413820813275765
811.25,30.524113442159447,0.003938000462044143,811.25,30.44666055349734,0.04696803286094287,811.25,30.36563054841952,-0.0677587173326808
816.25,30.542286363527136,-0.011926682589691776,816.25,30.46492238482905,-0.010131085673743144,816.25,30.384043559198137,0.05514063458135522
821.25,30.5605804791154,-0.04386351832954839,821.25,30.483302658628105,-0.0016822243325237034,821.25,30.40257048943197,-0.043242923981820815
826.25,30.578995154423854,-0.03832186253578583,826.25,30.50180080490891,0.08562031705932756,826.25,30.42121089890274,-0.052620857291168346
831.25,30.59752969544099,-0.05002262417383246,831.25,30.520416191924433,-0.06079543038426566,831.25,30.439964280452568,-0.09274853923081133
836.25,30.616183345774935,-0.006280856404542078,836.25,30.539148123388586,-0.03761830471618853,836.25,30.458830057451504,-0.06546141795044191
841.25,30.634955283647614,0.033270852043574495,841.25,30.557995835557314,0.09026819985613263,841.25,30.477807581110422,-0.1492293638848544
846.25,30.653844618746625,0.014575840639497677,846.25,30.576958494162856,0.032887946699591414,846.25,30.496896127634407,0.02680046388676754
851.25,30.672850388926978,0.02166443796141986,851.25,30.596035191194566,-0.007067363668690928,851.25,30.51609489521015,-0.001654197567457752
856.25,30.691971556755252,-0.1194601983089898,856.25,30.615224941518207,0.011802192839055427,856.25,30.535403000821244,0.0998992798648863
861.25,30.711207005890778,-0.0014821382661573445,861.25,30.634526679328577,0.08089229485914162,861.25,30.554819476885886,0.07978492107263632
866.25,30.730555537292897,-0.0337970344736898,866.25,30.653939254425016,-0.020087147329233526,866.25,30.574343267707825,0.06935095774175613
871.25,30.750015865248532,-0.0017031515617833806,871.25,30.67346142830445,0.08415955486508575,871.25,30.59397322573509,0.02691825018381111
876.25,30.769586613210006,-0.008382955702421034,876.25,30.693091870061014,-0.06165615301028892,876.25,30.613708107617157,0.08044644816043585
881.25,30.789266309434122,-0.03590537720027871,881.25,30.712829152084502,-0.0069116406394003965,881.25,30.633546570052136,-0.028329562546044712
886.25,30.80905338241364,-0.13861216900089582,886.25,30.732671745548423,0.029070708454860563,886.25,30.653487165416376,-0.06585632889282295
891.25,30.82894615609005,-0.04933007444778145,891.25,30.75261801567693,0.01609232951124098,891.25,30.67352833716527,-0.1395996657864038
896.25,30.8489428448374,-0.013830082668991273,896.25,30.772666216779946,-0.08666238157570164,896.25,30.693668414995535,0.02283404860476009
901.25,30.86904154820672,-0.022238647248462248,901.25,30.792814487047064,0.0035228795563672314,901.25,30.71390560975958,0.056146697929940016
906.25,30.889240245418062,0.0322040245055489,906.25,30.813060843086582,0.032545534974409165,906.25,30.734238008119235,0.050000433666179026
911.25,30.909536789589595,-0.01597520616798215,911.25,30.833403174199038,0.022581355054460888,911.25,30.754663566928205,-0.04477321666934472
916.25,30.929928901688438,0.07268927604383148,916.25,30.85383923637189,-0.057908750667971534,916.25,30.775180107329405,0.11417588201190212
921.25,30.950414164193234,-0.006744896731171095,921.25,30.874366645982025,-0.007452547610547484,921.25,30.79578530855635,-0.02007208581142156
926.25,30.97099001444998,0.008508128346823888,926.25,30.894982873191083,-0.06049442959637347,926.25,30.81647670142132,-0.03575820945802259
931.25,30.991653737710617,-0.07739517295524914,931.25,30.9156852350216,-0.006755431506180256,931.25,30.837251661480114,0.003153013378540046
936.25,31.012402459835045,-0.05861423456580205,936.25,30.936470888094213,-0.04169657665142054,936.25,30.858107401853676,0.04085957062815085
941.25,31.033233139642476,0.023661187754355013,941.25,30.95733682101333,-0.07658011259427275,941.25,30.879040965693616,-0.01100308055133594
946.25,31.054142560894867,0.06497323861081879,946.25,30.97827984638261,0.02405778589719955,946.25,30.900049218274113,0.06124505723822885
951.25,31.075127323891817,0.067389836112583,951.25,30.999296592431254,-0.049683243542431164,951.25,30.92112883869027,-0.0539064485200114
956.25,31.09618383666262,0.05745160168388406,956.25,31.02038349423496,0.04431643752469678,956.25,30.942276311148184,0.022372430426742636
961.25,31.117308305730585,0.009761538354335427,961.25,31.041536784508708,-0.009041828649282675,961.25,30.963487915822704,-0.07338392567913217
966.25,31.138496726432717,0.08043501437366457,966.25,31.06275248395287,-0.04308555882604897,966.25,30.984759719266073,0.07088515180504437
971.25,31.159744872771086,-0.045073814708879244,971.25,31.0840263911298,0.011375192449456487,971.25,31.006087564343446,-0.07307572337835538
976.25,31.18104828677303,0.01936485554780877,976.25,31.105354071848282,-0.017756071418096066,976.25,31.027467059673366,-0.0075373257427178335
981.25,31.202402267337053,-0.02080998605944362,981.25,31.12673084803232,-0.0240928291535356,981.25,31.04889356854956,-0.0054000906652868184
986.25,31.223801858539105,0.015114848394643391,986.25,31.148151786048235,0.018400777006347128,986.25,31.070362197319103,0.10607495992888044
991.25,31.245241837372024,-0.04166276873363739,991.25,31.16961168446538,-0.1009288416905163,991.25,31.091867783190327,-0.16092230306259303
996.25,31.266716700892477,0.1003944685126623,996.25,31.191105061221442,-0.045147713459764954,996.25,31.11340488144378,0.01866948839648969
1001.25,31.288220652744297,-0.028792479635868097,1001.25,31.212626140163962,0.006180966725821775,1001.25,31.134967752016863,-0.0007046067999656137
1006.25,31.309747589030682,-0.009343856826010999,1006.25,31.234168836939237,-0.02288244801422552,1006.25,31.156550345432546,-0.058650584879461204
1011.25,31.331291083501466,-0.0069833620841496195,1011.25,31.255726744195343,-0.09764047022095355,1011.25,31.17814628804116,0.047866965068195266
1016.25,31.35284437202383,0.04238100361477702,1016.25,31.2772931160669,-0.045436035982978296,1016.25,31.199748866540784,0.009254276293850021
1021.25,31.3744003363012,0.043572012943312234,1021.25,31.29886085190755,0.03929090117058307,1021.25,31.221351011743693,-0.14407231481612215
1026.25,31.39595148680594,0.05144814767013524,1026.25,31.32042247923426,0.025077675929092238,1026.25,31.242945281552082,-0.06994618585510191
1031.25,31.417489944886043,0.031792761418067236,1031.25,31.341970135845106,-0.002111686823290203,1031.25,31.264523843105287,0.06142254588933308
1036.25,31.439007424008008,-0.005079919004286507,1036.25,31.36349555107184,-0.042597395071300115,1036.25,31.286078454059925,-0.021887053831057112
1041.25,31.460495210095257,-0.040474980246403135,1041.25,31.38499002612626,0.08656377867113395,1041.25,31.307600442961338,0.09937435990085774
1046.25,31.481944140918138,-0.04404332759446339,1046.25,31.40644441349789,-0.021063319474325486,1046.25,31.329080688664376,0.030039993970955376
1051.25,31.5033445844926,0.02434703149541234,1051.25,31.427849095357576,0.11650301784350514,1051.25,31.350509598758677,-0.04102753936362152
1056.25,31.524686416439888,-0.02710555160872298,1056.25,31.44919396092236,-0.07792712377859343,1056.25,31.371877086952004,-0.0075924825662818905
1061.25,31.545958996260076,0.049172842645298497,1061.25,31.470468382731365,0.08669639782286988,1061.25,31.393172549363562,0.05901413116908723
1066.25,31.567151142468926,0.00329978931327405,1066.25,31.491661191784623,-0.03251645170427781,1066.25,31.41438483967743,-0.09779390967971804
1071.25,31.588251106546362,0.0021274199500990075,1071.25,31.512760651490897,-0.0027793366032363613,1071.25,31.435502243103045,0.08252770751976891
1076.25,31.6092465456414,0.03151452883947555,1076.25,31.533754430371612,-0.02757738375902167,1076.25,31.456512449089892,0.05830845746443483
1081.25,31.630124493979366,0.09027817704702913,1081.25,31.554629573464194,0.0771372519676606,1081.25,31.47740252273859,-0.0112075344199497
1086.25,31.650871332911457,0.013624739236806366,1086.25,31.575372472366467,-0.06916468400464769,1086.25,31.498158874851725,0.051222971906161124
1091.25,31.67147275954745,-0.019639770091946354,1091.25,31.59596883386229,-0.010669249245155391,1091.25,31.518767230562663,-0.015052115072200056
1096.25,31.691913753908725,-0.00694379180948657,1096.25,31.6164036470658,0.0008739177751645568,1096.25,31.539212596480365,-0.08674737862333072
1101.25,31.71217854453774,-0.0970186646155068,1101.25,31.636661149018813,0.03874857171762473,1101.25,31.55947922628581,-0.04330958440551982
1106.25,31.7322505724967,-0.048217668005477325,1106.25,31.65672478867681,0.0061546149341130596,1106.25,31.579550584712912,-0.028670874540546135
1111.25,31.752112453687804,-0.02176274838847031,1111.25,31.67657718921222,0.03549974430417589,1111.25,31.599409309844848,0.026675531865209615
1116.25,31.771745939423298,0.019464217580779142,1116.25,31.696200108566583,0.02624052366934522,1116.25,31.619037173655578,-0.0726582752376763
1121.25,31.791131875173278,0.06439181580397371,1121.25,31.715574398176464,-0.04078968269150735,1121.25,31.638415040722066,0.023651210547561717
1126.25,31.81025015741679,-0.022253496277220324,1126.25,31.734679959799767,-0.01606289159415587,1126.25,31.657522825033972,-0.03975667358493253
1131.25,31.829079688518316,0.029341596712979718,1131.25,31.753495700364947,-0.05368906540779154,1131.25,31.67633944482181,-0.014768677220818052
1136.25,31.847598329552564,-0.0593416574447496,1136.25,31.771999484764226,-0.05362278553366456,1136.25,31.694842775325426,0.044979280273184624
1141.25,31.86578285099551,-0.0709294226427755,1141.25,31.790168086509574,-0.02569660153446319,1141.25,31.713009599421863,0.04546056234439889
1146.25,31.88360888120047,-0.13179789654997384,1146.25,31.807977136169495,0.04465040575525749,1146.25,31.730815556028624,0.0505259043598853
1151.25,31.901050852574738,-0.005098597939677221,1151.25,31.825401067502487,-0.002660933141474256,1151.25,31.748235086199216,0.03897878063971735
1156.25,31.91808194537073,-0.07384432020753919,1156.25,31.842413061199608,0.050906721970337826,1156.25,31.765241376822996,0.006358167876250223
1161.25,31.934674029005553,-0.0050494003521173204,1161.25,31.85898498615036,-0.04730224968530781,1161.25,31.78180630184254,0.06158790888957453
1166.25,31.95079760081738,-0.04557095248189533,1166.25,31.87508733814081,-0.00684824308639427,1166.25,31.797900360897447,-0.05713594967057611
1171.25,31.966421722172523,0.0012335102901109328,1171.25,31.89068917589482,0.10813312194629461,1171.25,31.81349261530486,0.06317180335291979
1176.25,31.981513951826912,-0.03866951285186783,1176.25,31.905758054364565,-0.012285182578128538,1176.25,31.82855062128273,0.013241559703909106
1181.25,31.99604027645245,-0.04654882585744233,1181.25,31.92025995517798,0.020356886599662467,1181.25,31.843040360322142,-0.027377025884852108
1186.25,32.009965038230945,0.03362459907265909,1186.25,31.93415921414675,0.005097417583906673,1186.25,31.85692616661265,0.05462194897337998
1191.25,32.02325085942158,0.021126792190975976,1191.25,31.947418445738876,-0.019443370713927457,1191.25,31.870170651423297,-0.0002837824594434956
1196.25,32.035858563801746,-0.054988136301819694,1196.25,31.95999846441627,0.0897130673031009,1196.25,31.882734624339697,0.011139047461373779
1201.25,32.04774709488421,0.013501188213016211,1201.25,31.97185820273869,-0.03613683191463392,1201.25,31.894577011256565,-0.027718572973495278
1206.25,32.05887343080577,0.07072635505796103,1206.25,31.982954626127853,0.008909243701375203,1206.25,31.905654769020746,0.010279749136693852
1211.25,32.06919249578438,-0.02572920603175054,1211.25,31.993242644190076,0.06880901810759764,1211.25,31.915922796619636,-0.0021594722384720793
1216.25,32.07865706803616,-0.0451317424980858,1216.25,32.00267501848478,0.004541546963416993,1216.25,31.92533384280335,-0.06676005478283059
1221.25,32.087217684039196,-0.039038017730273114,1221.25,32.01120226662677,0.005716077272430737,1221.25,31.933838410026713,0.008711079759346875
1226.25,32.09482253902597,0.0038966747892368045,1226.25,32.01877256260261,0.00820841038339371,1226.25,31.94138465458981,0.03498247286279516
1231.25,32.101417383579694,0.06299711241529075,1231.25,32.02533163317434,-0.07318176257035035,1231.25,31.94791828284949,-0.02178215314008057
1236.25,32.10694541620011,-0.012026590150634169,1236.25,32.03082265023564,0.014052078062609885,1236.25,31.953382443365896,-0.03164499160478248
1241.25,32.11134717169256,-0.004437743507879472,1241.25,32.03518611897162,0.05872696223711569,1241.25,31.957717614832504,0.00820529683142334
1246.25,32.11456040521995,0.04656851563836221,1246.25,32.03835976166154,0.1057408462950445,1246.25,31.96086148962808,0.02062870817607292
1251.25,32.11651997184011,0.024394980273126643,1251.25,32.04027839694322,0.0002953156641012697,1251.25,31.962748852807714,-0.08390827238347986
1256.25,32.11715770132433,0.01103470314337103,1256.25,32.04087381433513,0.06872568515689871,1256.25,31.96331145632541,0.021830461499520608
1261.25,32.11640226802851,-0.05330605875688693,1261.25,32.04007464378315,0.011282199521892966,1261.25,31.96247788825454,0.06305458333744422
1266.25,32.1141790555482,-0.005935010280851436,1266.25,32.03780621996199,0.0025873466952166047,1266.25,31.96017343673282,-0.08615311663064383
1271.25,32.11041001584542,-0.04831494196958566,1271.25,32.03399044101688,0.08524474851262563,1271.25,31.95631994831426,0.0937963278029853
1276.25,32.105013522481194,0.09089233026043138,1276.25,32.028545621373944,0.02584048598690423,1276.25,31.9508356803544,0.0311990157902824
1281.25,32.097904217515016,-0.02755065995145993,1281.25,32.02138633818062,-0.04708241512891393,1281.25,31.943635146985642,-0.06280009453187947
1286.25,32.08899285155331,-0.03587574041853686,1286.25,32.012423270851095,-0.017748374981989196,1286.25,31.934628958154285,0.032603010812808635
1291.25,32.07818611632072,-0.005541658023085874,1291.25,32.00156303308835,0.003823397084519511,1291.25,31.923723651086704,0.015274267957762681
1296.25,32.06538646900425,-0.12762266527837582,1296.25,31.988707996627,-0.02872082589128482,1296.25,31.910821513423315,0.05965569317892001
1301.25,32.050491947465744,0.06181785868975072,1301.25,31.97375610578758,-0.035502375395969676,1301.25,31.89582039710631,-0.027572191287888955
1306.25,32.03339597522629,-0.07246838876642413,1306.25,31.956600681739264,-0.030963878126933627,1306.25,31.87861352191128,-0.0736151211325742
1311.25,32.01398715489981,-0.03245710736092409,1311.25,31.937130215141668,0.02713838514668524,1311.25,31.859089267286134,-0.008934530258770066
1316.25,31.9921490484679,-0.0021459999123453854,1316.25,31.915228145549907,-0.018565285139792626,1316.25,31.83713095087407,-0.03966832428477778
1321.25,31.967759942448883,-0.0039046216327668077,1321.25,31.890772625625562,-0.03173378626011861,1321.25,31.81261659175397,-0.0680830905753368
1326.25,31.94069259559125,0.009604888603289313,1326.25,31.86363626777559,0.01381785201742774,1326.25,31.78541865600828,0.04939804568234149
1331.25,31.91081396621298,-0.04329449137809527,1331.25,31.833685870325525,-0.07069839503750525,1331.25,31.755403781714133,0.048808512946505844
1336.25,31.877984915678756,0.012301833531893383,1336.25,31.80078211970743,0.026714951401170597,1336.25,31.722432479822,-0.031029460200170108
1341.25,31.84205988373605,-0.03696483606546765,1341.25,31.764779264364694,-0.01054975031141007,1341.25,31.686358806608787,0.07727263112763261
