x,g
-1338.75,32.013659193862345
-1336.75,32.02783562144022
-1334.75,32.04151419027395
-1332.75,32.054704385324754
-1330.75,32.06741552093652
-1328.75,32.079656744495374
-1326.75,32.09143703994523
-1324.75,32.1027652311706
-1322.75,32.11364998525408
-1320.75,32.12409981561695
-1318.75,32.13412308505137
-1316.75,32.14372800864961
-1314.75,32.15292265663837
-1312.75,32.1617149571225
-1310.75,32.17011269874499
-1308.75,32.178123533267346
-1306.75,32.18575497807571
-1304.75,32.19301441861631
-1302.75,32.19990911076518
-1300.75,32.20644618313488
-1298.75,32.212632639322415
-1296.75,32.21847536010124
-1294.75,32.2239811055599
-1292.75,32.22915651719091
-1290.75,32.23400811993128
-1288.75,32.23854232415838
-1286.75,32.242765427641594
-1284.75,32.24668361745352
-1282.75,32.250302971841016
-1280.75,32.25362946205934
-1278.75,32.25666895416927
-1276.75,32.25942721080024
-1274.75,32.261909892879906
-1272.75,32.26412256133183
-1270.75,32.26607067874182
-1268.75,32.267759610995604
-1266.75,32.26919462888657
-1264.75,32.27038090969634
-1262.75,32.27132353874875
-1260.75,32.27202751093668
-1258.75,32.27249773222467
-1256.75,32.27273902112639
-1254.75,32.2727561101582
-1252.75,32.272553647269305
-1250.75,32.27213619724959
-1248.75,32.27150824311445
-1246.75,32.27067418746872
-1244.75,32.269638353849025
-1242.75,32.268404988045226
-1240.75,32.266978259401746
-1238.75,32.26536226209879
-1236.75,32.26356101641437
-1234.75,32.2615784699662
-1232.75,32.259418498935936
-1230.75,32.257084909273786
-1228.75,32.25458143788543
-1226.75,32.25191175380113
-1224.75,32.24907945932627
-1222.75,32.24608809117569
-1220.75,32.24294112158999
-1218.75,32.23964195943506
-1216.75,32.23619395128532
-1214.75,32.23260038249014
-1212.75,32.22886447822412
-1210.75,32.22498940452147
-1208.75,32.22097826929443
-1206.75,32.21683412333647
-1204.75,32.21255996130927
-1202.75,32.2081587227158
-1200.75,32.203633292856956
-1198.75,32.1989865037745
-1196.75,32.194221135178985
-1194.75,32.18933991536274
-1192.75,32.18434552209962
-1190.75,32.179240583529776
-1188.75,32.174027679030665
-1186.75,32.16870934007479
-1184.75,32.163288051073415
-1182.75,32.1577662502067
-1180.75,32.152146330241166
-1178.75,32.146430639333786
-1176.75,32.140621481822954
-1174.75,32.13472111900699
-1172.75,32.12873176990998
-1170.75,32.12265561203512
-1168.75,32.11649478210579
-1166.75,32.11025137679468
-1164.75,32.103927453440534
-1162.75,32.097525030753665
-1160.75,32.0910460895093
-1158.75,32.084492573229724
-1156.75,32.077866388855135
-1154.75,32.07116940740284
-1152.75,32.06440346461599
-1150.75,32.05757036160124
-1148.75,32.05067186545523
-1146.75,32.04370970988122
-1144.75,32.03668559579474
-1142.75,32.02960119191888
-1140.75,32.02245813536998
-1138.75,32.01525803223287
-1136.75,32.00800245812592
-1134.75,32.00069295875741
-1132.75,31.993331050471152
-1130.75,31.985918220783343
-1128.75,31.978455928910133
-1126.75,31.970945606285454
-1124.75,31.963388657070475
-1122.75,31.955786458653797
-1120.75,31.948140362142915
-1118.75,31.940451692847123
-1116.75,31.93272175075199
-1114.75,31.92495181098505
-1112.75,31.917143124273974
-1110.75,31.9092969173959
-1108.75,31.901414393619365
-1106.75,31.893496733137724
-1104.75,31.885545093495807
-1102.75,31.87756061000766
-1100.75,31.869544396168234
-1098.75,31.86149754405643
-1096.75,31.853421124731824
-1094.75,31.845316188623595
-1092.75,31.837183765912908
-1090.75,31.8290248669082
-1088.75,31.82084048241361
-1086.75,31.812631584090955
-1084.75,31.80439912481479
-1082.75,31.796144039021446
-1080.75,31.78786724305136
-1078.75,31.77956963548548
-1076.75,31.771252097475
-1074.75,31.762915493065925
-1072.75,31.75456066951672
-1070.75,31.746188457611176
-1068.75,31.73779967196445
-1066.75,31.729395111324287
-1064.75,31.720975558866563
-1062.75,31.712541782485
-1060.75,31.70409453507616
-1058.75,31.69563455481861
-1056.75,31.68716256544716
-1054.75,31.678679276522306
-1052.75,31.670185383694182
-1050.75,31.661681568962166
-1048.75,31.65316850092899
-1046.75,31.644646835051148
-1044.75,31.636117213883594
-1042.75,31.627580267320383
-1040.75,31.619036612831355
-1038.75,31.610486855693317
-1036.75,31.601931589217855
-1034.75,31.593371394974508
-1032.75,31.584806843009762
-1030.75,31.576238492062192
-1028.75,31.567666889773452
-1026.75,31.55909257289528
-1024.75,31.550516067492776
-1022.75,31.541937889143707
-1020.75,31.5333585431344
-1018.75,31.524778524651662
-1016.75,31.516198318971202
-1014.75,31.50761840164272
-1012.75,31.49903923867121
-1010.75,31.49046128669532
-1008.75,31.481884993161795
-1006.75,31.473310796497195
-1004.75,31.46473912627603
-1002.75,31.456170403386206
-1000.75,31.447605040190744
-998.75,31.43904344068676
-996.75,31.43048600066199
-994.75,31.42193310784725
-992.75,31.413385142067387
-990.75,31.404842475388115
-988.75,31.396305472261066
-986.75,31.387774489665663
-984.75,31.379249877248395
-982.75,31.370731977459695
-980.75,31.362221125687768
-978.75,31.35371765039058
-976.75,31.345221873224844
-974.75,31.33673410917287
-972.75,31.328254666666865
-970.75,31.31978384771094
-968.75,31.311321948001126
-966.75,31.30286925704263
-964.75,31.294426058265433
-962.75,31.285992629137244
-960.75,31.277569241274687
-958.75,31.269156160552214
-956.75,31.26075364720911
-954.75,31.252361955954395
-952.75,31.243981336069915
-950.75,31.235612031511153
-948.75,31.22725428100687
-946.75,31.218908318155815
-944.75,31.210574371522828
-942.75,31.202252664732
-940.75,31.193943416559215
-938.75,31.185646841022056
-936.75,31.17736314746824
-934.75,31.169092540663097
-932.75,31.160835220874294
-930.75,31.152591383955865
-928.75,31.144361221430337
-926.75,31.136144920569198
-924.75,31.127942664472226
-922.75,31.119754632145046
-920.75,31.111580998575207
-918.75,31.103421934807315
-916.75,31.09527760801605
-914.75,31.08714818157839
-912.75,31.079033815144363
-910.75,31.07093466470629
-908.75,31.062850882666915
-906.75,31.054782617906394
-904.75,31.04673001584756
-902.75,31.03869321852075
-900.75,31.03067236462648
-898.75,31.02266758959776
-896.75,31.01467902566105
-894.75,31.006706801895696
-892.75,30.998751044292774
-890.75,30.990811875812515
-888.75,30.98288941644082
-886.75,30.97498378324487
-884.75,30.96709509042714
-882.75,30.959223449379245
-880.75,30.951368968733938
-878.75,30.94353175441693
-876.75,30.935711909697197
-874.75,30.92790953523658
-872.75,30.920124729138372
-870.75,30.91235758699524
-868.75,30.904608201935837
-866.75,30.896876664671172
-864.75,30.889163063539442
-862.75,30.881467484550527
-860.75,30.873790011429474
-858.75,30.866130725659218
-856.75,30.85848970652249
-854.75,30.850867031143064
-852.75,30.843262774525886
-850.75,30.8356770095971
-848.75,30.828109807242814
-846.75,30.82056123634715
-844.75,30.81303136383002
-842.75,30.805520254683767
-840.75,30.798027972009386
-838.75,30.790554577052028
-836.75,30.78310012923566
-834.75,30.77566468619762
-832.75,30.768248303821682
-830.75,30.760851036271422
-828.75,30.753472936022412
-826.75,30.746114053893802
-824.75,30.73877443907984
-822.75,30.731454139180105
-820.75,30.72415320022984
-818.75,30.716871666729165
-816.75,30.70960958167223
-814.75,30.702366986575516
-812.75,30.695143921505668
-810.75,30.687940425107104
-808.75,30.680756534628667
-806.75,30.67359228594994
-804.75,30.66644771360758
-802.75,30.659322850820065
-800.75,30.652217729513335
-798.75,30.645132380344695
-796.75,30.638066832727407
-794.75,30.63102111485372
-792.75,30.623995253718576
-790.75,30.616989275142007
-788.75,30.610003203791496
-786.75,30.603037063204155
-784.75,30.59609087580779
-782.75,30.589164662942377
-780.75,30.58225844488066
-778.75,30.57537224084839
-776.75,30.56850606904461
-774.75,30.561659946660754
-772.75,30.554833889900255
-770.75,30.548027913997394
-768.75,30.541242033235626
-766.75,30.534476260965846
-764.75,30.527730609624392
-762.75,30.521005090750258
-760.75,30.51429971500262
-758.75,30.507614492177236
-756.75,30.500949431223578
-754.75,30.494304540260543
-752.75,30.487679826592665
-750.75,30.48107529672572
-748.75,30.474490956381906
-746.75,30.467926810515067
-744.75,30.46138286332548
-742.75,30.454859118274157
-740.75,30.448355578097168
-738.75,30.441872244819525
-736.75,30.43540911976883
-734.75,30.42896620358904
-732.75,30.422543496252896
-730.75,30.416140997075548
-728.75,30.409758704726773
-726.75,30.403396617243494
-724.75,30.397054732041962
-722.75,30.390733045929714
-720.75,30.384431555117107
-718.75,30.378150255229095
-716.75,30.371889141315915
-714.75,30.365648207864794
-712.75,30.35942744881013
-710.75,30.35322685754439
-708.75,30.347046426928408
-706.75,30.34088614930143
-704.75,30.33474601649125
-702.75,30.328626019823815
-700.75,30.322526150132735
-698.75,30.316446397768747
-696.75,30.31038675260864
-694.75,30.304347204064467
-692.75,30.29832774109215
-690.75,30.29232835219999
-688.75,30.28634902545738
-686.75,30.28038974850243
-684.75,30.27445050855056
-682.75,30.268531292401985
-680.75,30.26263208644958
-678.75,30.25675287668627
-676.75,30.250893648712303
-674.75,30.245054387742563
-672.75,30.239235078613337
-670.75,30.233435705789294
-668.75,30.227656253370064
-666.75,30.221896705096725
-664.75,30.21615704435817
-662.75,30.21043725419712
-660.75,30.204737317316372
-658.75,30.19905721608443
-656.75,30.193396932541315
-654.75,30.187756448403952
-652.75,30.182135745071694
-650.75,30.176534803631668
-648.75,30.1709536048633
-646.75,30.165392129244054
-644.75,30.15985035695349
-642.75,30.15432826787818
-640.75,30.148825841616304
-638.75,30.143343057481808
-636.75,30.137879894508472
-634.75,30.132436331454247
-632.75,30.12701234680488
-630.75,30.121607918777823
-628.75,30.116223025325674
-626.75,30.11085764413974
-624.75,30.10551175265325
-622.75,30.100185328044564
-620.75,30.094878347240137
-618.75,30.08959078691734
-616.75,30.084322623507454
-614.75,30.07907383319766
-612.75,30.07384439193399
-610.75,30.06863427542342
-608.75,30.063443459135822
-606.75,30.05827191830617
-604.75,30.05311962793605
-602.75,30.04798656279575
-600.75,30.042872697425313
-598.75,30.03777800613615
-596.75,30.032702463012154
-594.75,30.027646041910575
-592.75,30.022608716463264
-590.75,30.01759046007701
-588.75,30.012591245934303
-586.75,30.007611046993354
-584.75,30.002649835988795
-582.75,29.99770758543133
-580.75,29.992784267607806
-578.75,29.987879854580523
-576.75,29.982994318187277
-574.75,29.978127630040195
-572.75,29.973279761524953
-570.75,29.968450683799883
-568.75,29.963640367794355
-566.75,29.95884878420768
-564.75,29.954075903507096
-562.75,29.949321695926088
-560.75,29.94458613146203
-558.75,29.939869179874233
-556.75,29.935170810680802
-554.75,29.930490993156496
-552.75,29.925829696329128
-550.75,29.92118688897659
-548.75,29.916562539623257
-546.75,29.911956616536035
-544.75,29.907369087720447
-542.75,29.902799920916234
-540.75,29.898249083592773
-538.75,29.893716542943963
-536.75,29.88920226588303
-534.75,29.884706219037323
-532.75,29.880228368741818
-530.75,29.875768681033406
-528.75,29.87132712164399
-526.75,29.86690365599397
-524.75,29.862498249184288
-522.75,29.8581108659894
-520.75,29.853741470848654
-518.75,29.84939002785803
-516.75,29.845056500761228
-514.75,29.840740852940048
-512.75,29.83644304740458
-510.75,29.832163046782963
-508.75,29.82790081331028
-506.75,29.823656308817302
-504.75,29.819429494718467
-502.75,29.815220331999168
-500.75,29.811028781203003
-498.75,29.80685480241753
-496.75,29.802698355260016
-494.75,29.798559398862476
-492.75,29.79443789185555
-490.75,29.790333792351962
-488.75,29.786247057929426
-486.75,29.78217764561196
-484.75,29.77812551185122
-482.75,29.774090612506374
-480.75,29.77007290282322
-478.75,29.766072337412186
-476.75,29.762088870225597
-474.75,29.758122454533463
-472.75,29.75417304289839
-470.75,29.75024058714927
-468.75,29.74632503835331
-466.75,29.742426346787678
-464.75,29.738544461908347
-462.75,29.73467933231889
-460.75,29.730830905736944
-458.75,29.726999128958862
-456.75,29.72318394782341
-454.75,29.719385307172896
-452.75,29.715603150812836
-450.75,29.71183742146942
-448.75,29.70808806074488
-446.75,29.704355009070547
-444.75,29.700638205657746
-442.75,29.69693758844585
-440.75,29.69325309404785
-438.75,29.689584657693132
-436.75,29.685932213166993
-434.75,29.682295692747672
-432.75,29.678675027138958
-430.75,29.675070145400166
-428.75,29.67148097487185
-426.75,29.667907441097746
-424.75,29.664349467742053
-422.75,29.660806976502744
-420.75,29.65727988701943
-418.75,29.653768116776575
-416.75,29.65027158100078
-414.75,29.64679019255272
-412.75,29.64332386181233
-410.75,29.639872496557732
-408.75,29.636436001836874
-406.75,29.633014279831425
-404.75,29.629607229712857
-402.75,29.62621474748968
-400.75,29.622836725845364
-398.75,29.619473053966082
-396.75,29.61612361735824
-394.75,29.612788297654035
-392.75,29.60946697240484
-390.75,29.606159514861407
-388.75,29.602865793739802
-386.75,29.599585672971923
-384.75,29.596319011439114
-382.75,29.593065662689032
-380.75,29.589825474631716
-378.75,29.586598289216163
-376.75,29.583383942083696
-374.75,29.58018226219736
-372.75,29.57699307144455
-370.75,29.573731789988642
-368.75,29.57022941130665
-366.75,29.566738906959138
-364.75,29.563260073675167
-362.75,29.559792698951174
-360.75,29.55633656046172
-358.75,29.552891425423514
-356.75,29.549457049910536
-354.75,29.546033178113717
-352.75,29.542619541540866
-350.75,29.53921585815162
-348.75,29.535821831419224
-346.75,29.532437149314735
-344.75,29.52906148320277
-342.75,29.52569448664211
-340.75,29.522335794080366
-338.75,29.518985019431742
-336.75,29.515641754525003
-334.75,29.51230556740869
-332.75,29.508976000496858
-330.75,29.505652568537435
-328.75,29.502334756383917
-326.75,29.499022016547194
-324.75,29.495713766501275
-322.75,29.492409385713696
-320.75,29.489108212367743
-318.75,29.485809539736866
-316.75,29.48251261216884
-314.75,29.479216620628225
-312.75,29.475920697740005
-310.75,29.472623912267235
-308.75,29.469325262945663
-306.75,29.466023671585866
-304.75,29.46271797533883
-302.75,29.45940691800364
-300.75,29.456089140235058
-298.75,29.45276316848553
-296.75,29.44942740248411
-294.75,29.446080101021888
-292.75,29.44271936576891
-290.75,29.439343122796043
-288.75,29.435949101411893
-286.75,29.43253480984614
-284.75,29.429097507216376
-282.75,29.425634171096117
-280.75,29.422141459854878
-278.75,29.41861566875866
-276.75,29.4150526785876
-274.75,29.411447895236563
-272.75,29.407796178395717
-270.75,29.4040917569327
-268.75,29.400328127990797
-266.75,29.39649793602445
-264.75,29.39259282696158
-262.75,29.38860327131954
-260.75,29.384518348291966
-258.75,29.380325480398568
-256.75,29.376010105005832
-254.75,29.371555264538465
-252.75,29.366941090997905
-250.75,29.362144151734125
-248.75,29.357136611149652
-246.75,29.35188514543032
-244.75,29.34634952183907
-242.75,29.340480716407043
-240.75,29.33421838733845
-238.75,29.327487435271944
-236.75,29.32019324770992
-234.75,29.312215012940808
-232.75,29.30339614581614
-230.75,29.293530300052023
-228.75,29.28234047860215
-226.75,29.26944707512838
-224.75,29.25431766557255
-222.75,29.236185765739112
-220.75,29.21391488900771
-218.75,29.185761739941057
-216.75,29.14894087430294
-214.75,29.098752773886247
-212.75,29.026529850552276
-210.75,28.91249369457554
-208.75,28.127580519748317
-206.75,28.21414884649646
-204.75,28.26882484561324
-202.75,28.305988167071156
-200.75,28.332577148221475
-198.75,28.352390252813734
-196.75,28.367649882106548
-194.75,28.37972428834045
-192.75,28.389492970495006
-190.75,28.39754287722608
-188.75,28.404278814292685
-186.75,28.409988149930196
-184.75,28.414880138218773
-182.75,28.41911061126848
-180.75,28.422797948041286
-178.75,28.426033680049994
-176.75,28.428889706397346
-174.75,28.43142330996712
-172.75,28.43368071423611
-170.75,28.43569965081397
-168.75,28.437511243310695
-166.75,28.439141410305712
-164.75,28.44061192452182
-162.75,28.441941222527902
-160.75,28.443145030911175
-158.75,28.44423685570396
-156.75,28.445205969100865
-154.75,28.446044884318965
-152.75,28.44679890145164
-150.75,28.447476176859354
-148.75,28.448083904995745
-146.75,28.448628459643142
-144.75,28.449115510685832
-142.75,28.449550121247864
-140.75,28.44993682896328
-138.75,28.450279714338365
-136.75,28.450582458550688
-134.75,28.45084839255614
-132.75,28.45108053899705
-130.75,28.451281648127544
-128.75,28.451454228736225
-126.75,28.451600574864095
-124.75,28.451722788978476
-122.75,28.45182280214454
-120.75,28.45190239163885
-118.75,28.45196319638756
-116.75,28.45200673052838
-114.75,28.452034395369328
-112.75,28.452047489958005
-110.75,28.452047220451888
-108.75,28.452034708438855
-106.75,28.452010998358915
-104.75,28.45197706412166
-102.75,28.451933815037773
-100.75,28.451882101132867
-98.75,28.451822717926067
-96.75,28.451756410734653
-94.75,28.451683878556764
-92.75,28.45160577758463
-90.75,28.45152272438197
-88.75,28.451435298770285
-86.75,28.451344046451347
-84.75,28.45124948139169
-82.75,28.45115208799882
-80.75,28.451052323107945
-78.75,28.450950617793435
-76.75,28.450847379034315
-74.75,28.450742991233614
-72.75,28.450637817617185
-70.75,28.450532201516996
-68.75,28.45042646754983
-66.75,28.45032092270566
-64.75,28.450215857347242
-62.75,28.45011154613145
-60.75,28.450008248866414
-58.75,28.449906211292358
-56.75,28.44980566581115
-54.75,28.449706832160132
-52.75,28.449609918030877
-50.75,28.449515119647103
-48.75,28.449422622297003
-46.75,28.449332600826253
-44.75,28.44924522009567
-42.75,28.449160635402706
-40.75,28.449078992875275
-38.75,28.44900042983206
-36.75,28.448925075119575
-34.75,28.448853049417423
-32.75,28.448784465530185
-30.75,28.448719428648126
-28.75,28.448658036586735
-26.75,28.448600380014742
-24.75,28.4485465426546
-22.75,28.448496601469607
-20.75,28.44845062683438
-18.75,28.448408682687685
-16.75,28.448370826670654
-14.75,28.448337110251785
-12.75,28.448307578834445
-10.75,28.448282271855064
-8.75,28.44826122286627
-6.75,28.448244459604854
-4.75,28.448232004053413
-2.75,28.448223872481723
-0.75,28.448220075484805
1.25,28.448220618000914
3.25,28.448225499325794
5.25,28.448234713106547
7.25,28.44824824733335
9.25,28.44826608431126
11.25,28.44828820062389
13.25,28.448314567087042
15.25,28.4483451486837
17.25,28.448379904493848
19.25,28.44841878760737
21.25,28.448461745024126
23.25,28.448508717539582
25.25,28.44855963962065
27.25,28.448614439260368
29.25,28.448673037821415
31.25,28.44873534986386
33.25,28.448801282951333
35.25,28.44887073744708
37.25,28.448943606280455
39.25,28.449019774703586
41.25,28.449099120022844
43.25,28.449181511302662
45.25,28.449266809056727
47.25,28.449354864898062
49.25,28.449445521176898
51.25,28.44953861057705
53.25,28.449633955686625
55.25,28.44973136853087
57.25,28.449830650070993
59.25,28.44993158965896
61.25,28.450033964452487
63.25,28.450137538779973
65.25,28.450242063454354
67.25,28.45034727503226
69.25,28.45045289501172
71.25,28.450558628962995
73.25,28.450664165586904
75.25,28.4507691756927
77.25,28.450873311090522
79.25,28.450976203382943
81.25,28.451077462660116
83.25,28.45117667606653
85.25,28.451273406249005
87.25,28.45136718965563
89.25,28.451457534683357
91.25,28.451543919642713
93.25,28.45162579053473
95.25,28.45170255860791
97.25,28.451773597672354
99.25,28.45183824114527
101.25,28.451895778791833
103.25,28.45194545312339
105.25,28.451986455415476
107.25,28.452017921289297
109.25,28.452038925805837
111.25,28.452048478002745
113.25,28.452045514804546
115.25,28.452028894208148
117.25,28.45199738765415
119.25,28.451949671450933
121.25,28.451884317124875
123.25,28.451799780521284
125.25,28.451694389466134
127.25,28.451566329761217
129.25,28.45141362923682
131.25,28.451234139530985
133.25,28.451025515217665
135.25,28.450785189798996
137.25,28.45051034800175
139.25,28.45019789368931
141.25,28.449844412538077
143.25,28.44944612845316
145.25,28.448998852443104
147.25,28.44849792236899
149.25,28.44793813160103
151.25,28.44731364408203
153.25,28.44661789267191
155.25,28.44584345676243
157.25,28.4449819140125
159.25,28.443973731450065
161.25,28.442855070850126
163.25,28.441621235695767
165.25,28.440258204583984
167.25,28.438749623998103
169.25,28.43707628828202
171.25,28.435215472597385
173.25,28.43314006795457
175.25,28.430817446307596
177.25,28.428207952303207
179.25,28.425262870745172
181.25,28.421921645510302
183.25,28.41810801025259
185.25,28.413724505560964
187.25,28.408644551348562
189.25,28.402700726167776
191.25,28.39566700631377
193.25,28.387231107237472
195.25,28.376950088534766
197.25,28.3641766636589
199.25,28.34793223440401
201.25,28.326678765987836
203.25,28.297888291466062
205.25,28.257176554909574
207.25,28.19635904726809
209.25,28.09717542092353
211.25,28.94711264406673
213.25,29.047398796168338
215.25,29.112926261210827
217.25,29.159170419386292
219.25,29.193480086552455
221.25,29.219952490697757
223.25,29.24105430832965
225.25,29.258346538445927
227.25,29.2728560211224
229.25,29.285280673588
231.25,29.296108605727653
233.25,29.305689940195602
235.25,29.31428154077118
237.25,29.322075679589705
239.25,29.32921889277385
241.25,29.33582467813356
243.25,29.341982231604593
245.25,29.34776257724359
247.25,29.353222946223326
249.25,29.35840995680458
251.25,29.363361958663205
253.25,29.3681107852843
255.25,29.372683080712616
257.25,29.37710131595213
259.25,29.3813845761464
261.25,29.385549176425208
263.25,29.389609148253932
265.25,29.393576626886723
267.25,29.397462162558558
269.25,29.40127497233884
271.25,29.40502314541861
273.25,29.408713811564184
275.25,29.412353280217722
277.25,29.415947156040264
279.25,29.41950043542275
281.25,29.42301758752608
283.25,29.42650262266767
285.25,29.4299591503047
287.25,29.43339042841393
289.25,29.436799405725218
291.25,29.440188757987322
293.25,29.443560919228446
295.25,29.44691810880178
297.25,29.45026235486473
299.25,29.453595514830646
301.25,29.456919293238673
303.25,29.460235257416777
305.25,29.463544851249065
307.25,29.466849407310296
309.25,29.470150157591185
311.25,29.47344824300052
313.25,29.476744721806014
315.25,29.4800405771486
317.25,29.483336723748334
319.25,29.4866340139009
321.25,29.48993324285189
323.25,29.493235153622397
325.25,29.496540441351048
327.25,29.49984975720797
329.25,29.503163711929137
331.25,29.50648287901451
333.25,29.509807797624916
335.25,29.513138975212655
337.25,29.516476889912482
339.25,29.519821992718526
341.25,29.523174709470005
343.25,29.52653544266345
345.25,29.52990457311132
347.25,29.533282461459574
349.25,29.53666944957983
351.25,29.540065861847427
353.25,29.543472006315838
355.25,29.54688817579803
357.25,29.550314648862525
359.25,29.553751690752033
361.25,29.557199554232454
363.25,29.560658480376937
365.25,29.564128699292052
367.25,29.56761043079011
369.25,29.57110388501292
371.25,29.574609263010288
373.25,29.577789208294874
375.25,29.58098150423037
377.25,29.584186334513614
379.25,29.58740387544957
381.25,29.590634296369497
383.25,29.593877760021297
385.25,29.597134422934253
387.25,29.60040443575923
389.25,29.60368794358766
391.25,29.60698508624965
393.25,29.61029599859297
395.25,29.61362081074503
397.25,29.61695964835866
399.25,29.62031263284217
401.25,29.623679881575853
403.25,29.62706150811574
405.25,29.630457622384604
407.25,29.633868330851925
409.25,29.637293736703718
411.25,29.640733940001876
413.25,29.644189037835098
415.25,29.647659124460425
417.25,29.651144291437415
419.25,29.65464462775494
421.25,29.658160219950492
423.25,29.661691152222822
425.25,29.665237506539423
427.25,29.668799362737236
429.25,29.672376798618302
431.25,29.675969890040538
433.25,29.679578711003444
435.25,29.683203333729594
437.25,29.686843828741768
439.25,29.69050026493611
441.25,29.69417270965147
443.25,29.697861228735754
445.25,29.701565886608133
447.25,29.70528674631872
449.25,29.709023869605183
451.25,29.71277731694648
453.25,29.716547147613937
455.25,29.720333419720085
457.25,29.7241361902648
459.25,29.727955515179502
461.25,29.731791449368952
463.25,29.73564404675155
465.25,29.739513360297156
467.25,29.743399442063538
469.25,29.74730234323091
471.25,29.751222114134976
473.25,29.75515880429835
475.25,29.759112462460767
477.25,29.763083136607353
479.25,29.767070873996182
481.25,29.77107572118439
483.25,29.775097724052905
485.25,29.779136927830354
487.25,29.783193377115563
489.25,29.787267115899336
491.25,29.79135818758504
493.25,29.795466635008577
495.25,29.799592500456804
497.25,29.80373582568578
499.25,29.807896651938137
501.25,29.81207501995908
503.25,29.816270970012216
505.25,29.82048454189489
507.25,29.82471577495161
509.25,29.82896470808858
511.25,29.833231379786152
513.25,29.837515828111254
515.25,29.84181809072973
517.25,29.846138204916635
519.25,29.850476207568267
521.25,29.85483213521128
523.25,29.85920602401315
525.25,29.863597909791196
527.25,29.868007828021383
529.25,29.87243581384713
531.25,29.87688190208672
533.25,29.881346127241276
535.25,29.885828523502077
537.25,29.890329124757056
539.25,29.894847964597457
541.25,29.89938507632412
543.25,29.903940492953094
545.25,29.90851424722105
547.25,29.91310637159059
549.25,29.91771689825515
551.25,29.9223458591434
553.25,29.926993285923796
555.25,29.93165921000819
557.25,29.936343662555753
559.25,29.941046674476873
561.25,29.94576827643554
563.25,29.950508498853083
565.25,29.955267371910555
567.25,29.960044925551156
569.25,29.964841189482957
571.25,29.969656193180416
573.25,29.974489965886665
575.25,29.979342536614837
577.25,29.984213934149732
579.25,29.989104187048948
581.25,29.9940133236439
583.25,29.99894137204054
585.25,30.003888360120392
587.25,30.008854315540674
589.25,30.013839265734667
591.25,30.018843237911888
593.25,30.02386625905797
595.25,30.028908355934572
597.25,30.033969555078485
599.25,30.039049882801763
601.25,30.044149365190478
603.25,30.049268028103963
605.25,30.054405897173833
607.25,30.059562997802537
609.25,30.064739355162207
611.25,30.069934994192977
613.25,30.075149939601275
615.25,30.080384215858345
617.25,30.08563784719743
619.25,30.09091085761267
621.25,30.09620327085577
623.25,30.101515110434516
625.25,30.106846399609267
627.25,30.11219716139103
629.25,30.117567418537888
631.25,30.12295719355244
633.25,30.128366508678422
635.25,30.13379538589732
637.25,30.13924384692494
639.25,30.14471191320776
641.25,30.1501996059195
643.25,30.155706945956382
645.25,30.161233953934016
647.25,30.166780650182513
649.25,30.172347054742467
651.25,30.17793318736024
653.25,30.183539067483398
655.25,30.189164714255877
657.25,30.19481014651315
659.25,30.200475382776954
661.25,30.206160441250184
663.25,30.21186533981091
665.25,30.217590096007882
667.25,30.223334727053857
669.25,30.229099249820013
671.25,30.23488368083005
673.25,30.24068803625387
675.25,30.246512331901247
677.25,30.25235658321514
679.25,30.258220805265225
681.25,30.26410501274105
683.25,30.270009219944807
685.25,30.275933440784303
687.25,30.281877688765594
689.25,30.287841976985227
691.25,30.29382631812307
693.25,30.29983072443374
695.25,30.305855207738997
697.25,30.31189977941946
699.25,30.31796445040588
701.25,30.324049231171003
703.25,30.330154131720274
705.25,30.336279161583114
707.25,30.342424329803702
709.25,30.348589644931568
711.25,30.35477511501202
713.25,30.360980747576345
715.25,30.36720654963165
717.25,30.37345252765102
719.25,30.379718687562903
721.25,30.38600503474025
723.25,30.392311573990256
725.25,30.398638309542665
727.25,30.404985245038933
729.25,30.411352383520384
731.25,30.41773972741687
733.25,30.424147278534154
735.25,30.430575038042512
737.25,30.43702300646348
739.25,30.4434911836577
741.25,30.449979568811692
743.25,30.456488160424644
745.25,30.46301695629516
747.25,30.46956595350711
749.25,30.476135148416137
751.25,30.482724536634908
753.25,30.48933411301894
755.25,30.495963871651462
757.25,30.502613805828467
759.25,30.509283908043418
761.25,30.51597416997113
763.25,30.522684582452165
765.25,30.529415135476484
767.25,30.53616581816659
769.25,30.54293661876064
771.25,30.549727524595475
773.25,30.556538522088708
775.25,30.563369596720733
777.25,30.570220733016985
779.25,30.577091914528566
781.25,30.583983123814107
783.25,30.590894342419766
785.25,30.597825550859802
787.25,30.604776728596626
789.25,30.61174785402044
791.25,30.618738904427815
793.25,30.625749856001267
795.25,30.632780683787143
797.25,30.639831361673874
799.25,30.646901862369354
801.25,30.653992157378177
803.25,30.661102216978378
805.25,30.66823201019771
807.25,30.67538150478952
809.25,30.682550667207895
811.25,30.689739462583113
813.25,30.696947854695622
815.25,30.70417580595023
817.25,30.71142327734937
819.25,30.718690228466745
821.25,30.725976617418826
823.25,30.733282400837812
825.25,30.740607533842528
827.25,30.74795197000933
829.25,30.755315661342987
831.25,30.76269855824578
833.25,30.770100609487397
835.25,30.777521762173386
837.25,30.784961961713062
839.25,30.79242115178734
841.25,30.799899274315603
843.25,30.807396269421506
845.25,30.814912075399455
847.25,30.822446628678946
849.25,30.82999986378911
851.25,30.837571713322486
853.25,30.845162107897895
855.25,30.852770976122994
857.25,30.860398244555547
859.25,30.868043837664665
861.25,30.875707677790654
863.25,30.88338968510455
865.25,30.891089777566876
867.25,30.898807870885477
869.25,30.906543878472483
871.25,30.91429771140061
873.25,30.92206927835882
875.25,30.929858485606612
877.25,30.93766523692836
879.25,30.94548943358546
881.25,30.95333097426895
883.25,30.961189755050235
885.25,30.969065669331865
887.25,30.97695860779597
889.25,30.984868458353308
891.25,30.992795106090284
893.25,31.00073843321514
895.25,31.00869831900363
897.25,31.016674639743147
899.25,31.02466726867592
901.25,31.03267607594149
903.25,31.040700928517417
905.25,31.04874169015935
907.25,31.056798221340323
909.25,31.064870379187994
911.25,31.072958017420977
913.25,31.081060986284832
915.25,31.08917913248569
917.25,31.097312299123374
919.25,31.105460325622538
921.25,31.11362304766353
923.25,31.12180029711088
925.25,31.12999190194125
927.25,31.13819768616957
929.25,31.146417469774065
931.25,31.154651068619206
933.25,31.162898294378305
935.25,31.171158954453507
937.25,31.179432851895132
939.25,31.18771978531908
941.25,31.196019548822388
943.25,31.204331931898164
945.25,31.21265671934766
947.25,31.220993691191335
949.25,31.22934262257863
951.25,31.237703283695158
953.25,31.24607543966869
955.25,31.254458850472812
957.25,31.262853270830117
959.25,31.27125845011129
961.25,31.279674132234618
963.25,31.28810005556168
965.25,31.29653595279288
967.25,31.30498155085894
969.25,31.313436570812193
971.25,31.321900727714528
973.25,31.330373730523924
975.25,31.33885528197833
977.25,31.34734507847803
979.25,31.355842809964734
981.25,31.36434815979943
983.25,31.372860804637032
985.25,31.381380414299066
987.25,31.389906651644353
989.25,31.398439172436127
991.25,31.406977625207507
993.25,31.415521651124237
995.25,31.424070883844553
997.25,31.432624949376656
999.25,31.441183465933214
1001.25,31.449746043783247
1003.25,31.45831228510112
1005.25,31.46688178381304
1007.25,31.475454125439796
1009.25,31.484028886937143
1011.25,31.492605636533202
1013.25,31.50118393356231
1015.25,31.509763328295758
1017.25,31.518343361769976
1019.25,31.52692356561057
1021.25,31.535503461853526
1023.25,31.544082562762792
1025.25,31.55266037064453
1027.25,31.561236377657682
1029.25,31.56981006562111
1031.25,31.57838090581691
1033.25,31.586948358790032
1035.25,31.59551187414432
1037.25,31.604070890333954
1039.25,31.61262483445213
1041.25,31.621173122014387
1043.25,31.629715156738982
1045.25,31.63825033032238
1047.25,31.646778022210658
1049.25,31.65529759936664
1051.25,31.663808416032804
1053.25,31.672309813489434
1055.25,31.680801119808045
1057.25,31.689281649600588
1059.25,31.697750703763997
1061.25,31.70620756921914
1063.25,31.714651518645532
1065.25,31.723081810211255
1067.25,31.73149768729666
1069.25,31.739898378214495
1071.25,31.74828309592328
1073.25,31.75665103773635
1075.25,31.765001385024643
1077.25,31.773333302914995
1079.25,31.78164593998131
1081.25,31.78993842793146
1083.25,31.798209881287338
1085.25,31.80645939705934
1087.25,31.814686054414906
1089.25,31.82288891434044
1091.25,31.831067019297393
1093.25,31.83921939287216
1095.25,31.84734503941859
1097.25,31.855442943694914
1099.25,31.863512070493307
1101.25,31.871551364263226
1103.25,31.879559748726965
1105.25,31.887536126489056
1107.25,31.89547937863791
1109.25,31.903388364340575
1111.25,31.911261920429666
1113.25,31.919098860983286
1115.25,31.926897976896566
1117.25,31.934658035446706
1119.25,31.94237777984831
1121.25,31.95005592880272
1123.25,31.957691176037336
1125.25,31.965282189838213
1127.25,31.972827612573163
1129.25,31.980326060206778
1131.25,31.98777612180705
1133.25,31.995176359042485
1135.25,32.00252530567102
1137.25,32.00982146701916
1139.25,32.01706331945274
1141.25,32.02424930983759
1143.25,32.03137785499108
1145.25,32.03844734112393
1147.25,32.04545612327257
1149.25,32.05240252472091
1151.25,32.05928483641279
1153.25,32.06610131635382
1155.25,32.07285018900291
1157.25,32.07952964465367
1159.25,32.086137838804426
1161.25,32.092672891518454
1163.25,32.099132886772324
1165.25,32.10551587179379
1167.25,32.11181985638829
1169.25,32.11804281225376
1171.25,32.124182672284675
1173.25,32.13023732986331
1175.25,32.13620463814011
1177.25,32.142082409301665
1179.25,32.14786841382645
1181.25,32.15356037972834
1183.25,32.159155991787834
1185.25,32.16465289077018
1187.25,32.170048672631516
1189.25,32.17534088771066
1191.25,32.180527039909826
1193.25,32.185604585859664
1195.25,32.19057093407304
1197.25,32.195423444083524
1199.25,32.20015942557122
1201.25,32.204776137474134
1203.25,32.20927078708495
1205.25,32.2136405291349
1207.25,32.2178824648613
1209.25,32.22199364106206
1211.25,32.225971049134046
1213.25,32.229811624097486
1215.25,32.23351224360412
1217.25,32.23706972693085
1219.25,32.24048083395687
1221.25,32.24374226412577
1223.25,32.24685065539084
1225.25,32.249802583144636
1227.25,32.252594559131765
1229.25,32.25522303034516
1231.25,32.257684377905115
1233.25,32.259974915921134
1235.25,32.262090890336765
1237.25,32.26402847775572
1239.25,32.26578378425119
1241.25,32.267352844155745
1243.25,32.268731618833044
1245.25,32.26991599543095
1247.25,32.270901785614605
1249.25,32.271684724280064
1251.25,32.27226046824853
1253.25,32.27262459493912
1255.25,32.272772601021344
1257.25,32.272699901046494
1259.25,32.27240182605634
1261.25,32.27187362216999
1263.25,32.27111044914852
1265.25,32.270107378934526
1267.25,32.26885939416932
1269.25,32.26736138668386
1271.25,32.265608155965175
1273.25,32.26359440759621
1275.25,32.261314751667946
1277.25,32.25876370116467
1279.25,32.25593567031939
1281.25,32.25282497293933
1283.25,32.24942582070069
1285.25,32.24573232141064
1287.25,32.24173847723592
1289.25,32.2374381828966
1291.25,32.2328252238229
1293.25,32.22789327427399
1295.25,32.22263589541747
1297.25,32.21704653336613
1299.25,32.21111851717156
1301.25,32.204845056771845
1303.25,32.1982192408901
1305.25,32.19123403488312
1307.25,32.18388227853536
1309.25,32.176156683796954
1311.25,32.16804983246148
1313.25,32.15955417377977
1315.25,32.15066202200781
1317.25,32.14136555388206
1319.25,32.131656806019755
1321.25,32.12152767223848
1323.25,32.110969900790394
1325.25,32.09997509150445
1327.25,32.08853469283239
1329.25,32.07663999879023
1331.25,32.06428214578859
1333.25,32.05145210934505
1335.25,32.03814070066939
1337.25,32.024338563112
1339.25,32.01003616846801
